question,answer,,,,,,,,,,,,,,,,,,
"You are a cheminformatics assistant.
 
 Task:
 From the following SMILES list, output ALL molecules that satisfy ALL constraints below.
 You must ONLY choose from the given SMILES and output them EXACTLY as provided (original strings).
 If none satisfy, output an empty line.
 
 SMILES:
 COc1ccc(Oc2ccc(S(=O)(=O)c3ccccc3CC(=O)NO)cc2)cc1
 COc1ccc(S(=O)(=O)c2ccccc2CC(=O)NO)cc1
 CC(C(=O)NO)c1ccccc1S(=O)(=O)c1ccc(-c2ccccc2)cc1
 O=C(Cc1ccccc1S(=O)(=O)c1ccc(-c2ccccc2)cc1)NO
 COc1ccc(-c2ccc(S(=O)(=O)c3ccccc3CC(=O)NO)cc2)cc1
 CC(C)ON([C@@H](C(=O)NO)C(C)C)S(=O)(=O)c1ccc(-c2ccccc2)cc1
 COc1ccc(-c2ccc(S(=O)(=O)c3ccccc3CC(=O)O)cc2)cc1
 COc1ccc(-c2ccc(S(=O)(=O)c3ccccc3C(=O)NO)cc2)cc1
 C[S+]([O-])c1ccc(Oc2ccc(S(=O)(=O)c3ccccc3C(=O)NO)cc2)cc1
 COc1ccc(Oc2ccc(S(=O)(=O)c3ccccc3C(=O)NO)cc2)cc1
 
 Constraints:
 1) Lipinski Rule of Five MUST ALL be satisfied:
  - MolWt <= 500
  - NumHDonors <= 5
  - NumHAcceptors <= 10
  - MolLogP <= 5
 2) Additional constraints:
  - MolLogP >= 3.34
  - MolWt >= 401.55
 
 Output format:
 Print each satisfying SMILES on its own line, and nothing else.",COc1ccc(Oc2ccc(S(=O)(=O)c3ccccc3CC(=O)NO)cc2)cc1,,,,,,,,,,,,,,,,,,
"You are a cheminformatics assistant.
 
 Task:
 From the following SMILES list, output ALL molecules that satisfy ALL constraints below.
 You must ONLY choose from the given SMILES and output them EXACTLY as provided (original strings).
 If none satisfy, output an empty line.
 
 SMILES:
 COc1cc(NC(=O)Nc2cccc(C)c2)ccc1-c1cnco1
 COc1cc(Nc2ncc(-c3ccccc3N(C)C(=O)CO)o2)ccc1-c1cnco1
 COc1cc(Nc2ncc(-c3ccccc3)o2)ccc1-c1ncco1
 CN(C(=O)CO)c1ccccc1-c1cnc(Nc2ccc(-c3cnco3)c(Cl)c2)o1
 CN(C(=O)CN1CCOCC1)c1ccccc1-c1cnc(Nc2ccc(-c3cnco3)c(Br)c2)o1
 CN(C(=O)CO)c1ccccc1-c1cnc(Nc2ccc(-c3cnco3)c(Br)c2)o1
 Clc1cc(Nc2ncc(-c3ccccc3)o2)ccc1-c1cnco1
 COc1cc(Nc2ncc(-c3ccccc3N(C)C(=O)CN3CCOCC3)o2)ccc1-c1cnco1
 CC(C)(C)NC(=O)C(=O)Nc1ccc(-c2cnco2)c(Cl)c1
 CNc1nc(Nc2ccc(-c3cnco3)c(OC)c2)nc(-c2ccccc2)n1
 
 Constraints:
 1) Lipinski Rule of Five MUST ALL be satisfied:
  - MolWt <= 500
  - NumHDonors <= 5
  - NumHAcceptors <= 10
  - MolLogP <= 5
 2) Additional constraints:
  - TPSA <= 100.65
  - MolWt >= 359.75
 
 Output format:
 Print each satisfying SMILES on its own line, and nothing else.",CNc1nc(Nc2ccc(-c3cnco3)c(OC)c2)nc(-c2ccccc2)n1,,,,,,,,,,,,,,,,,,
"You are a cheminformatics assistant.
 
 Task:
 From the following SMILES list, output ALL molecules that satisfy ALL constraints below.
 You must ONLY choose from the given SMILES and output them EXACTLY as provided (original strings).
 If none satisfy, output an empty line.
 
 SMILES:
 Cc1nc2nc(C(=O)Nc3ccccc3)nn2c(-c2ccc(Cl)cc2Cl)c1CN
 COc1ccccc1-c1cn2c(-c3ccc(Cl)cc3Cl)c(CN)c(C)nc2n1
 Cc1nc2nc(-c3ccccc3)cn2c(-c2ccc(Cl)cc2Cl)c1CN
 COc1cccc(-c2cn3c(-c4ccc(Cl)cc4Cl)c(CN)c(C)nc3n2)c1
 Cc1nc2nc(-c3ccccc3Cl)cn2c(-c2ccc(Cl)cc2Cl)c1CN
 Cc1nc2nc(N3CCNCC3)nn2c(-c2ccc(Cl)cc2Cl)c1CN
 CCN(CC)c1nc2nc(C)c(CN)c(-c3ccc(Cl)cc3Cl)n2n1
 Cc1nc2c(-c3ccccc3)cnn2c(-c2ccc(Cl)cc2Cl)c1CN
 Cc1nc2cc(-c3ccccc3Cl)nn2c(-c2ccc(Cl)cc2Cl)c1CN
 Cc1cc2nc(C)c(CN)c(-c3ccc(Cl)cc3Cl)n2n1
 
 Constraints:
 1) Lipinski Rule of Five MUST ALL be satisfied:
  - MolWt <= 500
  - NumHDonors <= 5
  - NumHAcceptors <= 10
  - MolLogP <= 5
 2) Additional constraints:
  - MolLogP <= 5.14
  - TPSA <= 65.44
 
 Output format:
 Print each satisfying SMILES on its own line, and nothing else.",Cc1cc2nc(C)c(CN)c(-c3ccc(Cl)cc3Cl)n2n1,,,,,,,,,,,,,,,,,,
"You are a cheminformatics assistant.
 
 Task:
 From the following SMILES list, output ALL molecules that satisfy ALL constraints below.
 You must ONLY choose from the given SMILES and output them EXACTLY as provided (original strings).
 If none satisfy, output an empty line.
 
 SMILES:
 CC(=O)Nc1nc(O)c2nc(-c3ccc(C)cc3C)[nH]c2n1
 COc1cc(CCc2cc(NC(=O)c3ccc(N4C[C@H](C)N[C@H](C)C4)cc3)n[nH]2)cc(OC)c1
 COc1ccccc1-c1nc2c(O)nc(N)nc2[nH]1
 Nc1nc(O)c2nc(-c3ccccc3)[nH]c2n1
 CC(=O)Nc1nc(O)c2nc(-c3c[nH]c4ccccc34)[nH]c2n1
 Cc1ccc(-c2nc3c(O)nc(N)nc3[nH]2)c(C)c1
 CC(=O)Nc1nc(O)c2nc(-c3ccccc3)[nH]c2n1
 COc1cccc(-c2nc3c(O)nc(N)nc3[nH]2)c1OC
 CC(=O)Nc1nc(O)c2nc(-c3c[nH]c4cccc(Br)c34)[nH]c2n1
 Nc1nc(O)c2nc(-c3c[nH]c4cccc(Br)c34)[nH]c2n1
 
 Constraints:
 1) Lipinski Rule of Five MUST ALL be satisfied:
  - MolWt <= 500
  - NumHDonors <= 5
  - NumHAcceptors <= 10
  - MolLogP <= 5
 2) Additional constraints:
  - TPSA <= 106.86
  - RotB >= 2.0
 
 Output format:
 Print each satisfying SMILES on its own line, and nothing else.","CC(=O)Nc1nc(O)c2nc(-c3ccc(C)cc3C)[nH]c2n1
 COc1cc(CCc2cc(NC(=O)c3ccc(N4C[C@H](C)N[C@H](C)C4)cc3)n[nH]2)cc(OC)c1
 CC(=O)Nc1nc(O)c2nc(-c3ccccc3)[nH]c2n1",,,,,,,,,,,,,,,,,,
"You are a cheminformatics assistant.
 
 Task:
 From the following SMILES list, output ALL molecules that satisfy ALL constraints below.
 You must ONLY choose from the given SMILES and output them EXACTLY as provided (original strings).
 If none satisfy, output an empty line.
 
 SMILES:
 COc1ccc(C2(SC[C@H](N)C(=O)O)c3ccccc3CCc3ccccc32)cc1
 N[C@@H](CSC1(c2cccc(C(F)(F)F)c2)c2ccccc2CCc2ccccc21)C(=O)O
 N[C@@H](CSC1(c2ccc(Cl)cc2)c2ccccc2C=Cc2ccccc21)C(=O)O
 N[C@@H](CSC1(c2ccc(Oc3ccccc3)cc2)c2ccccc2CCc2ccccc21)C(=O)O
 N[C@@H](CSC(c1ccccc1)(c1ccccc1)c1ccccc1)C(=O)O
 Cc1ccc(C2(SC[C@H](N)C(=O)O)c3ccccc3CCc3ccccc32)cc1
 N[C@@H](CSC1(c2ccc(C(F)(F)F)cc2)c2ccccc2CSc2ccccc21)C(=O)O
 Cc1ccc(C(=O)N(CCCN)[C@@H](c2nc3cc(Cl)ccc3c(=O)n2Cc2ccccc2)C(C)C)cc1
 N[C@@H](CSC1(c2cccc(Cl)c2)c2ccccc2CCc2ccccc21)C(=O)O
 COc1ccc(C2(SC[C@H](N)C(=O)O)c3ccccc3C=Cc3ccccc32)cc1
 
 Constraints:
 1) Lipinski Rule of Five MUST ALL be satisfied:
  - MolWt <= 500
  - NumHDonors <= 5
  - NumHAcceptors <= 10
  - MolLogP <= 5
 2) Additional constraints:
  - RotB >= 6.3
  - TPSA >= 63.32
 
 Output format:
 Print each satisfying SMILES on its own line, and nothing else.",N[C@@H](CSC(c1ccccc1)(c1ccccc1)c1ccccc1)C(=O)O,,,,,,,,,,,,,,,,,,
"You are a cheminformatics assistant.
 
 Task:
 From the following SMILES list, output ALL molecules that satisfy ALL constraints below.
 You must ONLY choose from the given SMILES and output them EXACTLY as provided (original strings).
 If none satisfy, output an empty line.
 
 SMILES:
 O=C(Nc1ncc(-c2cn(CCO)nn2)s1)C(CC1CCOCC1)c1ccc(S(=O)(=O)C2CC2)cc1
 COC(=O)CCNC(=O)c1cnc(NC(=O)C(CC2CCOCC2)c2ccc(S(=O)(=O)C3CC3)cc2)s1
 O=C(O)CCNC(=O)c1cnc(NC(=O)C(CC2CCOCC2)c2ccc(S(=O)(=O)C3CC3)cc2)s1
 COC(=O)[C@H](CC(C)C)NC(=O)c1cnc(NC(=O)C(CC2CCOCC2)c2ccc(S(=O)(=O)C3CC3)cc2)s1
 O=C(O)CCn1cc(-c2cnc(NC(=O)C(CC3CCOCC3)c3ccc(S(=O)(=O)C4CC4)cc3)s2)nn1
 CCOC(=O)CCCn1cc(-c2cnc(NC(=O)C(CC3CCOCC3)c3ccc(S(=O)(=O)C4CC4)cc3)s2)nn1
 CCOC(=O)Cn1cc(-c2cnc(NC(=O)C(CC3CCOCC3)c3ccc(S(=O)(=O)C4CC4)cc3)s2)nn1
 O=C(Nc1ncc(F)s1)[C@H](CC1CCOCC1)c1ccc(S(=O)(=O)C2CC2)cc1
 O=C(Nc1ncc(-c2cn(CC(=O)N3CCOCC3)nn2)s1)C(CC1CCOCC1)c1ccc(S(=O)(=O)C2CC2)cc1
 CCOC(=O)CCn1cc(-c2cnc(NC(=O)C(CC3CCOCC3)c3ccc(S(=O)(=O)C4CC4)cc3)s2)nn1
 
 Constraints:
 1) Lipinski Rule of Five MUST ALL be satisfied:
  - MolWt <= 500
  - NumHDonors <= 5
  - NumHAcceptors <= 10
  - MolLogP <= 5
 2) Additional constraints:
  - RotB <= 11.0
  - MolLogP >= 3.57
 
 Output format:
 Print each satisfying SMILES on its own line, and nothing else.",O=C(Nc1ncc(F)s1)[C@H](CC1CCOCC1)c1ccc(S(=O)(=O)C2CC2)cc1,,,,,,,,,,,,,,,,,,
"You are a cheminformatics assistant.
 
 Task:
 From the following SMILES list, output ALL molecules that satisfy ALL constraints below.
 You must ONLY choose from the given SMILES and output them EXACTLY as provided (original strings).
 If none satisfy, output an empty line.
 
 SMILES:
 O=C1NC(=O)C2(CCOc3c2ccc2ncccc32)N1
 O=C1NC(=O)C2(CCOc3ccc(Cl)cc32)O1
 O=C1NC(=O)C2(CC[S+]([O-])c3ccc(F)cc32)N1
 O=C1NC(=O)C2(CCn3c(=O)ccc4cccc2c43)N1
 O=C1NC(=O)C2(CCOc3ccc(Br)cc32)N1
 O=C1NC(=O)C2(CCSc3ccc(F)cc32)N1
 O=C1NC(=O)C2(CCOc3c(-c4ccccc4)cccc32)N1
 O=C1NC(=O)C2(CCSc3ccc(Br)cc32)N1
 O=C(O)CC1(CC(=O)O)CCCC1
 O=C1NC(=O)C2(CCS(=O)(=O)c3ccc(F)cc32)N1
 
 Constraints:
 1) Lipinski Rule of Five MUST ALL be satisfied:
  - MolWt <= 500
  - NumHDonors <= 5
  - NumHAcceptors <= 10
  - MolLogP <= 5
 2) Additional constraints:
  - TPSA <= 66.59
  - RotB <= 0.0
  - MolLogP <= 1.41
 
 Output format:
 Print each satisfying SMILES on its own line, and nothing else.",O=C1NC(=O)C2(CCSc3ccc(F)cc32)N1,,,,,,,,,,,,,,,,,,
"You are a cheminformatics assistant.
 
 Task:
 From the following SMILES list, output ALL molecules that satisfy ALL constraints below.
 You must ONLY choose from the given SMILES and output them EXACTLY as provided (original strings).
 If none satisfy, output an empty line.
 
 SMILES:
 C/C=C/[C@]1(O)C[C@H]2CCc3cc(O)ccc3[C@]2(CC)C[C@@]1(C)O
 CC[C@@]12C[C@@](C)(O)[C@](O)(c3ccncc3)C[C@H]1CCc1cc(O)ccc12
 C[C@@H]1C[C@H]2[C@@H]3CCC4=CC(=O)C=C[C@]4(C)[C@@]3(F)[C@@H](O)C[C@]2(C)[C@@]1(O)C(=O)CO
 CC[C@@]12C[C@@](C)(O)[C@](O)(c3cccnc3)C[C@H]1CCc1cc(O)ccc12
 C=C[C@]1(O)C[C@H]2CCc3cc(O)ccc3[C@]2(CC)C[C@@]1(C)O
 CC[C@@]12C[C@@](C)(O)[C@](O)(c3ccccc3)C[C@H]1C=C(C)c1cc(O)ccc12
 CC[C@@]12C[C@](O)(CC)[C@](O)(c3ccccc3)C[C@H]1CCc1cc(O)ccc12
 CC[C@@]12C[C@@](C)(O)[C@](O)(c3ccccn3)C[C@H]1CCc1cc(O)ccc12
 CC[C@@]12C[C@@](C)(O)[C@](O)(c3ccccc3)C[C@H]1CC(=O)c1cc(O)ccc12
 CC[C@@]12C[C@@](C)(O)[C@](O)(c3ccccc3)C[C@H]1CCc1cc(O)ccc12
 
 Constraints:
 1) Lipinski Rule of Five MUST ALL be satisfied:
  - MolWt <= 500
  - NumHDonors <= 5
  - NumHAcceptors <= 10
  - MolLogP <= 5
 2) Additional constraints:
  - TPSA <= 60.69
  - MolWt <= 353.17
 
 Output format:
 Print each satisfying SMILES on its own line, and nothing else.","C/C=C/[C@]1(O)C[C@H]2CCc3cc(O)ccc3[C@]2(CC)C[C@@]1(C)O
 C=C[C@]1(O)C[C@H]2CCc3cc(O)ccc3[C@]2(CC)C[C@@]1(C)O
 CC[C@@]12C[C@@](C)(O)[C@](O)(c3ccccc3)C[C@H]1CCc1cc(O)ccc12",,,,,,,,,,,,,,,,,,
"You are a cheminformatics assistant.
 
 Task:
 From the following SMILES list, output ALL molecules that satisfy ALL constraints below.
 You must ONLY choose from the given SMILES and output them EXACTLY as provided (original strings).
 If none satisfy, output an empty line.
 
 SMILES:
 NS(=O)(=O)c1ccc(C/N=C/c2ccccc2)cc1
 COC(=O)c1ccc(/N=C/c2ccccc2)cc1
 CC(C)(C)c1ccc(/C=N/c2ccc(C(=O)O)cc2)cc1
 COC(=O)c1ccc(/N=C/c2ccc(O)cc2)cc1
 COc1ccc(O)c(/C=N/c2ccc(C(=O)O)cc2)c1
 COC(=O)c1ccc(/N=C/c2cc(OC)ccc2O)cc1
 NS(=O)(=O)c1ccc(/N=C/c2ccccc2)cc1
 COc1ccc(O)c(/C=N/Cc2ccc(S(N)(=O)=O)cc2)c1
 CC(C)(C)c1ccc(/C=N/c2ccc(S(N)(=O)=O)cc2)cc1
 NS(=O)(=O)c1ccc(C/N=C/c2ccc(O)cc2)cc1
 
 Constraints:
 1) Lipinski Rule of Five MUST ALL be satisfied:
  - MolWt <= 500
  - NumHDonors <= 5
  - NumHAcceptors <= 10
  - MolLogP <= 5
 2) Additional constraints:
  - TPSA >= 70.76
  - MolLogP <= 2.54
 
 Output format:
 Print each satisfying SMILES on its own line, and nothing else.","NS(=O)(=O)c1ccc(C/N=C/c2ccccc2)cc1
 NS(=O)(=O)c1ccc(/N=C/c2ccccc2)cc1
 COc1ccc(O)c(/C=N/Cc2ccc(S(N)(=O)=O)cc2)c1
 NS(=O)(=O)c1ccc(C/N=C/c2ccc(O)cc2)cc1",,,,,,,,,,,,,,,,,,
"You are a cheminformatics assistant.
 
 Task:
 From the following SMILES list, output ALL molecules that satisfy ALL constraints below.
 You must ONLY choose from the given SMILES and output them EXACTLY as provided (original strings).
 If none satisfy, output an empty line.
 
 SMILES:
 COc1ccccc1Nc1cc2[nH]c(-c3cnco3)cc2cn1
 Cn1cc(-c2cc3cnc(Nc4ccc(-c5cnccn5)cc4Cl)cc3n2C(=O)OC(C)(C)C)cn1
 CN(C)C1CCN(C(=O)c2ccc(Nc3cc4[nH]c(-c5cnn(C)c5)cc4cn3)c(Cl)c2)CC1
 COc1ccccc1Nc1cc2[nH]c(-c3cnn(C(F)F)c3)cc2cn1
 CN(C)C(=O)c1ccc(Nc2cc3[nH]c(-c4cnn(C)c4)cc3cn2)c(Cl)c1
 Cn1cc(-c2cc3cnc(Nc4ccc(-c5cnco5)cc4Cl)cc3n2C(=O)OC(C)(C)C)cn1
 COc1ccc(Nc2cc3[nH]c(-c4cn[nH]c4)cc3cn2)c(Cl)c1
 c1cnn(Cc2ccc(Nc3cc4[nH]c(-c5cn[nH]c5)cc4cn3)cc2)c1
 Clc1ccccc1Nc1cc2[nH]c(-c3cn[nH]c3)cc2cn1
 Cn1cc(-c2cc3cnc(Nc4ccc(C(=O)N5CCC5)cc4Cl)cc3n2C(=O)OC(C)(C)C)cn1
 
 Constraints:
 1) Lipinski Rule of Five MUST ALL be satisfied:
  - MolWt <= 500
  - NumHDonors <= 5
  - NumHAcceptors <= 10
  - MolLogP <= 5
 2) Additional constraints:
  - MolLogP <= 4.44
  - MolWt <= 428.12
  - TPSA <= 78.75
 
 Output format:
 Print each satisfying SMILES on its own line, and nothing else.","COc1ccccc1Nc1cc2[nH]c(-c3cnco3)cc2cn1
 COc1ccc(Nc2cc3[nH]c(-c4cn[nH]c4)cc3cn2)c(Cl)c1
 Clc1ccccc1Nc1cc2[nH]c(-c3cn[nH]c3)cc2cn1",,,,,,,,,,,,,,,,,,
"You are a cheminformatics assistant.
 
 Task:
 From the following SMILES list, output ALL molecules that satisfy ALL constraints below.
 You must ONLY choose from the given SMILES and output them EXACTLY as provided (original strings).
 If none satisfy, output an empty line.
 
 SMILES:
 CCN(CC)CCNC(=O)c1c(C)[nH]c2c1CCC/C2=C1/C(=O)Nc2ccc(Cl)cc21
 Cc1[nH]c2c(c1C(=O)N1CCC[C@H]1CN1CCCC1)CCC/C2=C1/C(=O)Nc2ccc(F)cc21
 Cc1[nH]c2c(c1C(=O)N1CCOCC1)CCC/C2=C1/C(=O)Nc2ccc(F)cc21
 CCN(CC)CCNC(=O)c1c(C)[nH]c2c1CCC/C2=C1/C(=O)Nc2ccc(C)cc21
 CCN(CC)CCNC(=O)c1c(C)[nH]c2c1CCC/C2=C1/C(=O)Nc2ccc(S(=O)(=O)N(CC)CC)cc21
 CCN(CC)CC(O)CNC(=O)c1c(C)[nH]c2c1CCC/C2=C1/C(=O)Nc2ccc(F)cc21
 Cc1[nH]c2c(c1C(=O)NCCN1CCOCC1)CCC/C2=C1/C(=O)Nc2ccc(F)cc21
 Cc1[nH]c2c(c1C(=O)NCCCN1CCCC1)CCC/C2=C1/C(=O)Nc2ccc(F)cc21
 Cc1[nH]c2c(c1C(=O)NCCN1CCCCC1)CCC/C2=C1/C(=O)Nc2ccc(F)cc21
 Cc1[nH]c2c(c1C(=O)NCCc1ccccn1)CCC/C2=C1/C(=O)Nc2ccc(F)cc21
 
 Constraints:
 1) Lipinski Rule of Five MUST ALL be satisfied:
  - MolWt <= 500
  - NumHDonors <= 5
  - NumHAcceptors <= 10
  - MolLogP <= 5
 2) Additional constraints:
  - TPSA <= 77.23
  - RotB <= 5.4
 
 Output format:
 Print each satisfying SMILES on its own line, and nothing else.","Cc1[nH]c2c(c1C(=O)N1CCC[C@H]1CN1CCCC1)CCC/C2=C1/C(=O)Nc2ccc(F)cc21
 Cc1[nH]c2c(c1C(=O)N1CCOCC1)CCC/C2=C1/C(=O)Nc2ccc(F)cc21
 Cc1[nH]c2c(c1C(=O)NCCCN1CCCC1)CCC/C2=C1/C(=O)Nc2ccc(F)cc21
 Cc1[nH]c2c(c1C(=O)NCCN1CCCCC1)CCC/C2=C1/C(=O)Nc2ccc(F)cc21",,,,,,,,,,,,,,,,,,
"You are a cheminformatics assistant.
 
 Task:
 From the following SMILES list, output ALL molecules that satisfy ALL constraints below.
 You must ONLY choose from the given SMILES and output them EXACTLY as provided (original strings).
 If none satisfy, output an empty line.
 
 SMILES:
 CC1=C(CSC(=S)N2CCCCC2)C(=O)c2ccccc2C1=O
 CC1=C(SC(=S)N2CCOCC2)C(=O)c2ccccc2C1=O
 CC1=C(CSC(=S)N2CCSC2)C(=O)c2ccccc2C1=O
 CCN(CC)C(=S)SCC1=C(C)C(=O)c2ccccc2C1=O
 CCN(CC)C(=S)SCC1=CC(=O)c2ccccc2C1=O
 CCCN(CCC)C(=S)SCC1=C(C)C(=O)c2ccccc2C1=O
 C=CCN(CC=C)C(=S)SCC1=C(C)C(=O)c2ccccc2C1=O
 CC1=C(CSC(=S)N2CCN(C)CC2)C(=O)c2ccccc2C1=O
 O=C1C=C(CSC(=S)N2CCN(c3ccccc3)CC2)C(=O)c2ccccc21
 CC(C)=CC[C@@H](O)C1=CC(=O)c2c(O)ccc(O)c2C1=O
 
 Constraints:
 1) Lipinski Rule of Five MUST ALL be satisfied:
  - MolWt <= 500
  - NumHDonors <= 5
  - NumHAcceptors <= 10
  - MolLogP <= 5
 2) Additional constraints:
  - MolWt <= 347.5
  - RotB <= 2.0
 
 Output format:
 Print each satisfying SMILES on its own line, and nothing else.","CC1=C(CSC(=S)N2CCCCC2)C(=O)c2ccccc2C1=O
 CC1=C(SC(=S)N2CCOCC2)C(=O)c2ccccc2C1=O",,,,,,,,,,,,,,,,,,
"You are a cheminformatics assistant.
 
 Task:
 From the following SMILES list, output ALL molecules that satisfy ALL constraints below.
 You must ONLY choose from the given SMILES and output them EXACTLY as provided (original strings).
 If none satisfy, output an empty line.
 
 SMILES:
 Cc1cnn(CC(=O)c2ccc(O)c(O)c2)c1
 Cc1nc(Br)cn1CC(=O)c1ccc(O)c(O)c1
 Cc1cc2ncn(CC(=O)c3ccc(O)c(O)c3)c2cc1C
 O=C(Cn1cnc2ccccc21)c1ccc(O)c(O)c1
 O=C(CNc1nc2ccccc2[nH]1)c1ccc(O)c(O)c1
 Cc1nccn1CC(=O)c1ccc(O)c(O)c1
 COc1ccc2c(c1OC)C(=O)OC2CC(=O)c1ccc(O)c(O)c1
 O=C(Cn1cnnc1)c1ccc(O)c(O)c1
 CCc1nccn1CC(=O)c1ccc(O)c(O)c1
 Cn1c(SCC(=O)c2ccc(O)c(O)c2)nnc1-c1ccccc1
 
 Constraints:
 1) Lipinski Rule of Five MUST ALL be satisfied:
  - MolWt <= 500
  - NumHDonors <= 5
  - NumHAcceptors <= 10
  - MolLogP <= 5
 2) Additional constraints:
  - MolWt >= 259.47
  - RotB >= 3.0
  - MolLogP >= 2.26
 
 Output format:
 Print each satisfying SMILES on its own line, and nothing else.","Cc1cc2ncn(CC(=O)c3ccc(O)c(O)c3)c2cc1C
 O=C(Cn1cnc2ccccc21)c1ccc(O)c(O)c1
 O=C(CNc1nc2ccccc2[nH]1)c1ccc(O)c(O)c1
 COc1ccc2c(c1OC)C(=O)OC2CC(=O)c1ccc(O)c(O)c1
 Cn1c(SCC(=O)c2ccc(O)c(O)c2)nnc1-c1ccccc1",,,,,,,,,,,,,,,,,,
"You are a cheminformatics assistant.
 
 Task:
 From the following SMILES list, output ALL molecules that satisfy ALL constraints below.
 You must ONLY choose from the given SMILES and output them EXACTLY as provided (original strings).
 If none satisfy, output an empty line.
 
 SMILES:
 O=C(O)Cc1cccc(NC(=O)c2ccccc2NC(=O)c2ccc(SC(F)(F)F)cc2)c1
 O=C(O)c1cccc(NC(=O)c2cc(Cl)ccc2NC(=O)c2ccc(C(F)(F)F)cc2)c1
 COc1ccc(C(=O)O)cc1NC(=O)c1ccccc1NC(=O)c1ccc(C(C)(C)C)cc1
 CC(C)(C)c1ccc(C(=O)Nc2ccccc2C(=O)Nc2cccc(C(=O)O)c2)cc1
 CC(C)(C)c1ccc(C(=O)Nc2ccc(Cl)cc2C(=O)Nc2cccc(C(=O)O)c2)cc1
 CC(C)(C)c1ccc(C(=O)Nc2ccccc2C(=O)Nc2cccc(CC(=O)O)c2)cc1
 O=C(O)Cc1cccc(NC(=O)c2ccccc2NC(=O)c2ccc3ccccc3c2)c1
 CC(C)(C)c1ccc(C(=O)Nc2ccccc2C(=O)Nc2ccc(Cl)c(C(=O)O)c2)cc1
 CC(C)(C)c1ccc(C(=O)Nc2ccccc2C(=O)Nc2cccc(CCC(=O)O)c2)cc1
 Cc1c(NC(=O)c2ccccc2NC(=O)c2ccc(C(C)(C)C)cc2)cccc1C(=O)O
 
 Constraints:
 1) Lipinski Rule of Five MUST ALL be satisfied:
  - MolWt <= 500
  - NumHDonors <= 5
  - NumHAcceptors <= 10
  - MolLogP <= 5
 2) Additional constraints:
  - MolWt <= 445.52
  - TPSA <= 95.5
 
 Output format:
 Print each satisfying SMILES on its own line, and nothing else.",O=C(O)Cc1cccc(NC(=O)c2ccccc2NC(=O)c2ccc3ccccc3c2)c1,,,,,,,,,,,,,,,,,,
"You are a cheminformatics assistant.
 
 Task:
 From the following SMILES list, output ALL molecules that satisfy ALL constraints below.
 You must ONLY choose from the given SMILES and output them EXACTLY as provided (original strings).
 If none satisfy, output an empty line.
 
 SMILES:
 O=C(O)CCc1ccc(NC(=O)c2nnc(Cc3cccc(F)c3)s2)cc1
 COc1ccc(C(Cc2nnc(C(=O)Nc3ccc(CCC(=O)O)cc3)s2)c2ccccc2)cc1
 O=C(O)CCc1ccc(NC(=O)c2nnc(Cc3ccccc3)s2)cc1
 O=C(O)CCc1ccc(NC(=O)c2nnc(COc3ccc(F)cc3)s2)cc1
 COc1ccc(OCc2nnc(C(=O)Nc3ccc(CCC(=O)O)cc3)s2)cc1
 O=C(O)CCc1ccc(NC(=O)c2nnc(COc3cccc(Cl)c3)s2)cc1
 O=C(O)CCc1ccc(NC(=O)c2nnc(CC(c3ccccc3)c3ccccc3F)s2)cc1
 Cc1cccc(OCc2nnc(C(=O)Nc3ccc(CCC(=O)O)cc3)s2)c1
 O=C(O)CCc1ccc(NC(=O)c2nnc(COc3cccc(C(F)(F)F)c3)s2)cc1
 O=C(O)CCc1ccc(NC(=O)c2nnc(CC(c3ccccc3)c3ccc4c(c3)OCO4)s2)cc1
 
 Constraints:
 1) Lipinski Rule of Five MUST ALL be satisfied:
  - MolWt <= 500
  - NumHDonors <= 5
  - NumHAcceptors <= 10
  - MolLogP <= 5
 2) Additional constraints:
  - RotB <= 8.4
  - MolLogP <= 3.53
 
 Output format:
 Print each satisfying SMILES on its own line, and nothing else.","O=C(O)CCc1ccc(NC(=O)c2nnc(Cc3ccccc3)s2)cc1
 O=C(O)CCc1ccc(NC(=O)c2nnc(COc3ccc(F)cc3)s2)cc1",,,,,,,,,,,,,,,,,,
"You are a cheminformatics assistant.
 
 Task:
 From the following SMILES list, output ALL molecules that satisfy ALL constraints below.
 You must ONLY choose from the given SMILES and output them EXACTLY as provided (original strings).
 If none satisfy, output an empty line.
 
 SMILES:
 Cc1cc(F)ccc1OCc1cc(C(=O)O)cc(N2CCOCC2)n1
 Cc1cc(F)ccc1NCc1cc(CO)cc(N2CCOCC2)n1
 Cc1cc(F)ccc1NCc1cc(C(=O)O)cc(N2CCOCC2)n1
 Cc1cc(F)ccc1NCc1cc(C=O)cc(N2CCOCC2)n1
 O=c1cc(N2CCOCC2)oc2c(-c3ccccc3)cccc12
 Cc1cc(F)ccc1NCc1cc(C(=O)O)cc(-c2ccc(O)cc2)n1
 Cc1cc(F)ccc1NCc1cc(C(=O)O)cc(-c2cccc(O)c2)n1
 Cc1cc(F)ccc1NCc1cc(C(=O)O)cc(NCCO)n1
 CCOC(=O)c1ccnc(N2CCOCC2)c1
 O=C(O)c1ccnc(N2CCOCC2)c1
 
 Constraints:
 1) Lipinski Rule of Five MUST ALL be satisfied:
  - MolWt <= 500
  - NumHDonors <= 5
  - NumHAcceptors <= 10
  - MolLogP <= 5
 2) Additional constraints:
  - MolWt <= 325.36
  - TPSA >= 67.28
 
 Output format:
 Print each satisfying SMILES on its own line, and nothing else.",Cc1cc(F)ccc1NCc1cc(C(=O)O)cc(NCCO)n1,,,,,,,,,,,,,,,,,,
"You are a cheminformatics assistant.
 
 Task:
 From the following SMILES list, output ALL molecules that satisfy ALL constraints below.
 You must ONLY choose from the given SMILES and output them EXACTLY as provided (original strings).
 If none satisfy, output an empty line.
 
 SMILES:
 Cc1cccc(CN(C(=O)c2ccc(Cl)cc2Cl)[C@@H](Cc2ccccc2)C(=O)O)c1
 O=C(O)[C@H](Cc1ccccc1)N(Cc1cccc(Br)c1)C(=O)c1ccccc1Cl
 O=C(O)[C@H](Cc1ccccc1)N(Cc1cccc(Cl)c1)C(=O)c1ccc(Cl)cc1Cl
 O=C(O)[C@@H](Cc1ccccc1)N(Cc1cccc(Br)c1)C(=O)c1ccc(Cl)cc1Cl
 O=C(O)[C@H](Cc1ccccc1)N(Cc1ccc(Br)cc1)C(=O)c1ccc(Cl)cc1Cl
 O=C(O)[C@H](Cc1ccccc1)N(Cc1cccc(C(F)(F)F)c1)C(=O)c1ccc(Cl)cc1Cl
 O=C(O)[C@H](Cc1ccccc1)N(Cc1ccc[n+]([O-])c1)C(=O)c1ccc(Cl)cc1Cl
 O=C(O)[C@H](Cc1ccccc1)N(Cc1cccc([N+](=O)[O-])c1)C(=O)c1ccc(Cl)cc1Cl
 O=C(O)[C@H](Cc1ccccc1)N(Cc1cccc(Br)c1)C(=O)c1ccc(Cl)cc1
 O=C(O)[C@H](Cc1ccccc1)N(Cc1ccc(-c2cc3ccccc3o2)s1)C(=O)c1ccc(Cl)cc1Cl
 
 Constraints:
 1) Lipinski Rule of Five MUST ALL be satisfied:
  - MolWt <= 500
  - NumHDonors <= 5
  - NumHAcceptors <= 10
  - MolLogP <= 5
 2) Additional constraints:
  - MolLogP <= 5.56
  - RotB <= 7.0
 
 Output format:
 Print each satisfying SMILES on its own line, and nothing else.",O=C(O)[C@H](Cc1ccccc1)N(Cc1ccc[n+]([O-])c1)C(=O)c1ccc(Cl)cc1Cl,,,,,,,,,,,,,,,,,,
"You are a cheminformatics assistant.
 
 Task:
 From the following SMILES list, output ALL molecules that satisfy ALL constraints below.
 You must ONLY choose from the given SMILES and output them EXACTLY as provided (original strings).
 If none satisfy, output an empty line.
 
 SMILES:
 COc1cccc(C2(c3cccc(OC)c3)NC(=N)N(C3CCCCC3)C2=O)c1
 COc1ccc(C2(c3ccc(OC)cc3)NC(=N)N(CC3CCOCC3)C2=O)cc1
 CCC(CN1C(=N)NC(c2ccccc2)(c2ccccc2)C1=O)c1ccccc1
 COc1ccc(C2(c3cccc(-c4cccnc4)c3)NC(=N)N(C3CCCCC3)C2=O)cc1
 COc1ccc(C2(c3ccc(OC)cc3)NC(=N)N(C3CCN(C(=O)OC(C)(C)C)CC3)C2=O)cc1
 COc1ccc(C2(c3ccc(OC)cc3)NC(=N)N(C3CCOCC3)C2=O)cc1
 N=C1NC(c2ccccc2)(c2cccc(-c3cccnc3)c2)C(=O)N1C1CCCCC1
 COc1ccc(C2(c3ccc(OC)cc3)NC(=N)N(C3CCN(C)CC3)C2=O)cc1
 COc1ccc(C2(c3ccc(OC)cc3)NC(=N)N(C3CCNCC3)C2=O)cc1
 COc1ccc(C2(c3ccc(OC)cc3)NC(=N)N(C3CCCCC3)C2=O)cc1
 
 Constraints:
 1) Lipinski Rule of Five MUST ALL be satisfied:
  - MolWt <= 500
  - NumHDonors <= 5
  - NumHAcceptors <= 10
  - MolLogP <= 5
 2) Additional constraints:
  - RotB <= 5.0
  - MolWt <= 401.98
 
 Output format:
 Print each satisfying SMILES on its own line, and nothing else.","COc1cccc(C2(c3cccc(OC)c3)NC(=N)N(C3CCCCC3)C2=O)c1
 COc1ccc(C2(c3ccc(OC)cc3)NC(=N)N(C3CCOCC3)C2=O)cc1
 COc1ccc(C2(c3ccc(OC)cc3)NC(=N)N(C3CCNCC3)C2=O)cc1
 COc1ccc(C2(c3ccc(OC)cc3)NC(=N)N(C3CCCCC3)C2=O)cc1",,,,,,,,,,,,,,,,,,
"You are a cheminformatics assistant.
 
 Task:
 From the following SMILES list, output ALL molecules that satisfy ALL constraints below.
 You must ONLY choose from the given SMILES and output them EXACTLY as provided (original strings).
 If none satisfy, output an empty line.
 
 SMILES:
 CCN1c2ncc(CCc3ccncc3)cc2C(=O)N(C)c2ccc(Cl)nc21
 CCN1c2ncc(CNc3ccccc3)cc2C(=O)N(C)c2ccc(Cl)nc21
 CCN1c2ncc(COc3ccncc3)cc2C(=O)N(C)c2ccc(F)nc21
 CCN1c2ncc(COc3ccccc3)cc2C(=O)N(C)c2ccc(Cl)nc21
 CCN1c2ncc(COc3ccncc3)cc2C(=O)N(C)c2cccnc21
 Cc1ccnc2c1NC(=O)c1cccnc1N2C1CC1
 CCN1c2ncc(COc3cccc(OC)c3)cc2C(=O)N(C)c2ccc(Cl)nc21
 CCN1c2ncc(COc3ccncc3)cc2C(=O)N(C)c2ccc(Cl)nc21
 CCN1c2ncc(CCc3ccccc3)cc2C(=O)N(C)c2ccc(Cl)nc21
 CCN1c2ncc(COc3cccc(C(=O)O)c3)cc2C(=O)N(C)c2ccc(Cl)nc21
 
 Constraints:
 1) Lipinski Rule of Five MUST ALL be satisfied:
  - MolWt <= 500
  - NumHDonors <= 5
  - NumHAcceptors <= 10
  - MolLogP <= 5
 2) Additional constraints:
  - TPSA >= 61.88
  - MolLogP <= 3.98
 
 Output format:
 Print each satisfying SMILES on its own line, and nothing else.","CCN1c2ncc(COc3ccncc3)cc2C(=O)N(C)c2ccc(F)nc21
 CCN1c2ncc(COc3ccncc3)cc2C(=O)N(C)c2cccnc21
 CCN1c2ncc(COc3ccncc3)cc2C(=O)N(C)c2ccc(Cl)nc21",,,,,,,,,,,,,,,,,,
"You are a cheminformatics assistant.
 
 Task:
 From the following SMILES list, output ALL molecules that satisfy ALL constraints below.
 You must ONLY choose from the given SMILES and output them EXACTLY as provided (original strings).
 If none satisfy, output an empty line.
 
 SMILES:
 Cc1c(C)c2ccc(OCC3CCN(Cc4cccc(OCCCO)c4)CC3)cc2oc1=O
 CN(C)Cc1ccc(COc2ccc3c(CO)cc(=O)oc3c2)cc1
 Cc1cc2ccc(OCC3CCN(Cc4ccc(CO)cc4)CC3)cc2oc1=O
 Cc1c(C)c2ccc(OCC3CCN(CCCO[N+](=O)[O-])CC3)cc2oc1=O
 Cc1c(C)c2ccc(OCC3CCN(CCCO)CC3)cc2oc1=O
 Cc1c(C)c2ccc(OCC3CCN(CCCCO)CC3)cc2oc1=O
 Cc1cc(=O)oc2cc(OCC3CCN(Cc4cccc(CO)c4)CC3)ccc12
 CN(C)Cc1cc(=O)oc2cc(OCc3ccc(CO)cc3)ccc12
 Cc1c(C)c2ccc(OCC3CCN(Cc4cccc(CO[N+](=O)[O-])c4)CC3)cc2oc1=O
 C[C@H](NCc1ccc(OCc2cccc(F)c2)cc1)C(N)=O
 
 Constraints:
 1) Lipinski Rule of Five MUST ALL be satisfied:
  - MolWt <= 500
  - NumHDonors <= 5
  - NumHAcceptors <= 10
  - MolLogP <= 5
 2) Additional constraints:
  - MolWt >= 393.48
  - TPSA <= 63.49
 
 Output format:
 Print each satisfying SMILES on its own line, and nothing else.","Cc1cc2ccc(OCC3CCN(Cc4ccc(CO)cc4)CC3)cc2oc1=O
 Cc1cc(=O)oc2cc(OCC3CCN(Cc4cccc(CO)c4)CC3)ccc12",,,,,,,,,,,,,,,,,,
"You are a cheminformatics assistant.

Task:
From the following SMILES list, output ALL molecules that satisfy ALL constraints below.
You must ONLY choose from the given SMILES and output them EXACTLY as provided (original strings).
If none satisfy, output an empty line.

SMILES:
NS(=O)(=O)c1ccc(NC(=O)Nc2cc(S(N)(=O)=O)c(Cl)cc2Cl)cc1
NS(=O)(=O)c1cc(-c2nnc(-c3ccccc3)[nH]2)c(Cl)cc1Cl
NS(=O)(=O)c1cc(-c2nnc(-c3ccccc3)o2)c(Cl)cc1Cl
NS(=O)(=O)c1cc(C(=O)NNC(=O)c2ccc(Cl)cc2)c(Cl)cc1Cl
NS(=O)(=O)c1cc(-c2nnc(-c3ccc(Cl)cc3)[nH]2)c(Cl)cc1Cl
Cc1ccc(C(=O)NNC(=O)c2cc(S(N)(=O)=O)c(Cl)cc2Cl)cc1
CC(=O)Nc1nnc(S(N)(=O)=O)s1
NS(=O)(=O)c1cc(C(=O)NNC(=S)Nc2ccc(Cl)cc2)c(Cl)cc1Cl
NS(=O)(=O)c1cc(NC(=O)NCc2ccccc2)c(Cl)cc1Cl
NS(=O)(=O)c1cc(C(=O)NNC(=O)c2ccccc2)c(Cl)cc1Cl

Constraints:
1) Lipinski Rule of Five MUST ALL be satisfied:
 - MolWt <= 500
 - NumHDonors <= 5
 - NumHAcceptors <= 10
 - MolLogP <= 5
2) Additional constraints:
 - TPSA <= 108.68
 - HeteroAtoms <= 10.0

Output format:
Print each satisfying SMILES on its own line, and nothing else.","NS(=O)(=O)c1cc(-c2nnc(-c3ccccc3)[nH]2)c(Cl)cc1Cl
NS(=O)(=O)c1cc(-c2nnc(-c3ccccc3)o2)c(Cl)cc1Cl
NS(=O)(=O)c1cc(-c2nnc(-c3ccc(Cl)cc3)[nH]2)c(Cl)cc1Cl
NS(=O)(=O)c1cc(NC(=O)NCc2ccccc2)c(Cl)cc1Cl",,,,,,,,,,,,,,,,,,
"You are a cheminformatics assistant.

Task:
From the following SMILES list, output ALL molecules that satisfy ALL constraints below.
You must ONLY choose from the given SMILES and output them EXACTLY as provided (original strings).
If none satisfy, output an empty line.

SMILES:
CC(C)c1ccc(C(=O)C2CCN(C(=O)c3cc(O)c(F)cc3F)CC2)cc1
O=C(c1ccc(S(=O)(=O)c2ccccc2)cc1)C1CCN(C(=O)c2cccc(O)c2)CC1
O=C(c1ccc(Sc2ccccc2)cc1)C1CCN(C(=O)c2cc(O)c(F)cc2F)CC1
COc1nn(-c2ccc(NC(=O)OCc3ccccc3)c(C)c2)c(=O)o1
O=C(c1ccc(Sc2ccccc2)cc1)C1CCN(C(=O)c2cc(O)ccc2F)CC1
O=C(c1ccc(Sc2ccccc2)cc1)C1CCN(C(=O)c2cccc(O)c2)CC1
O=C(c1ccc(-c2cn(Cc3ccccc3)nn2)cc1)C1CCN(C(=O)c2cccc(O)c2)CC1
CC(C)c1ccc(C(=O)C2CCN(C(=O)c3cccc(O)c3)CC2)cc1
O=C(c1ccc(Nc2ccccc2)cc1)C1CCN(C(=O)c2cccc(O)c2)CC1
O=C(c1ccc(C2CCCCC2)cc1)C1CCN(C(=O)c2cccc(O)c2)CC1

Constraints:
1) Lipinski Rule of Five MUST ALL be satisfied:
 - MolWt <= 500
 - NumHDonors <= 5
 - NumHAcceptors <= 10
 - MolLogP <= 5
2) Additional constraints:
 - HeteroAtoms <= 6.0
 - AromaticRings <= 3.0

Output format:
Print each satisfying SMILES on its own line, and nothing else.","CC(C)c1ccc(C(=O)C2CCN(C(=O)c3cc(O)c(F)cc3F)CC2)cc1
CC(C)c1ccc(C(=O)C2CCN(C(=O)c3cccc(O)c3)CC2)cc1
O=C(c1ccc(Nc2ccccc2)cc1)C1CCN(C(=O)c2cccc(O)c2)CC1",,,,,,,,,,,,,,,,,,
"You are a cheminformatics assistant.

Task:
From the following SMILES list, output ALL molecules that satisfy ALL constraints below.
You must ONLY choose from the given SMILES and output them EXACTLY as provided (original strings).
If none satisfy, output an empty line.

SMILES:
COc1cc(CN(CC(C)C)C2c3ccc(Cl)cc3CC2C(=O)O)ccc1OCCN1C(=O)CCC1=O
Cc1cc(CN(CC(C)C)C(CC(=O)O)c2ccc(Cl)cc2Cl)ccc1OCCN1C(=O)CCC1=O
COc1cc(CN(CC(C)C)C(CC(=O)O)c2ccc(Cl)c(Cl)c2)ccc1SCCN1C(=O)CCC1=O
CCCCN(Cc1ccc(OCCN2C(=O)CCC2=O)c(OC)c1)C1c2ccc(Cl)cc2CC1C(=O)O
COc1cc(CN(CC2CCCC2)C(CC(=O)O)c2ccc(Cl)cc2)ccc1SCCN1C(=O)CCC1=O
Cc1cc(CN(CC(C)C)C2c3ccc(Cl)cc3CC2C(=O)O)ccc1OCCN1C(=O)CCC1=O
Cc1cc(CN(CC2CCCC2)C(CC(=O)O)c2ccc(Cl)cc2)ccc1OCCN1C(=O)CCC1=O
Cc1cc(CN(CC2CC2)[C@@H](CC(=O)O)c2ccc(Cl)cc2)ccc1OCCN1C(=O)CCC1=O
CCCCN(Cc1ccc(OCCN2C(=O)CCC2=O)c(C)c1)C(CC(=O)O)c1ccc2c(c1)CCO2
CCCCN(Cc1ccc(OCCn2c(=O)ccn(C)c2=O)c(C)c1)C(CC(=O)O)c1ccc2c(c1)CCO2

Constraints:
1) Lipinski Rule of Five MUST ALL be satisfied:
 - MolWt <= 500
 - NumHDonors <= 5
 - NumHAcceptors <= 10
 - MolLogP <= 5
2) Additional constraints:
 - AromaticRings >= 2.0
 - HeavyAtoms <= 37.0

Output format:
Print each satisfying SMILES on its own line, and nothing else.",Cc1cc(CN(CC2CC2)[C@@H](CC(=O)O)c2ccc(Cl)cc2)ccc1OCCN1C(=O)CCC1=O,,,,,,,,,,,,,,,,,,
"You are a cheminformatics assistant.

Task:
From the following SMILES list, output ALL molecules that satisfy ALL constraints below.
You must ONLY choose from the given SMILES and output them EXACTLY as provided (original strings).
If none satisfy, output an empty line.

SMILES:
COC(=O)N1CCC(OC(=O)[C@H]2C[C@]3(CN2)C(=O)Nc2ccccc23)CC1
O=C(OC1CCS(=O)(=O)c2ccc(Br)cc21)[C@H]1C[C@]2(CN1)C(=O)Nc1ccccc12
COC(=O)[C@H]1C[C@]2(CN1)C(=O)Nc1ccccc12
O=C(OCc1ccccc1)[C@H]1C[C@]2(CN1)C(=O)Nc1ccccc12
N#Cc1ccc(COC(=O)[C@H]2C[C@]3(CN2)C(=O)Nc2ccccc23)cc1
N#CC1(OC(=O)[C@H]2C[C@]3(CN2)C(=O)Nc2ccccc23)CCCCC1
O=C(OC1CCSc2ccc(Br)cc21)[C@H]1C[C@]2(CN1)C(=O)Nc1ccccc12
O=C(OC1CCOCC1)[C@H]1C[C@]2(CN1)C(=O)Nc1ccccc12
O=C1Nc2ccccc2[C@]12CCNC2
N#Cc1ccc(COC(=O)[C@H]2C[C@]3(CN2)C(=O)Nc2ccccc23)cc1Br

Constraints:
1) Lipinski Rule of Five MUST ALL be satisfied:
 - MolWt <= 500
 - NumHDonors <= 5
 - NumHAcceptors <= 10
 - MolLogP <= 5
2) Additional constraints:
 - FractionCSP3 <= 0.31
 - HeavyAtoms <= 26.4
 - TPSA <= 83.94

Output format:
Print each satisfying SMILES on its own line, and nothing else.",O=C(OCc1ccccc1)[C@H]1C[C@]2(CN1)C(=O)Nc1ccccc12,,,,,,,,,,,,,,,,,,
"You are a cheminformatics assistant.

Task:
From the following SMILES list, output ALL molecules that satisfy ALL constraints below.
You must ONLY choose from the given SMILES and output them EXACTLY as provided (original strings).
If none satisfy, output an empty line.

SMILES:
Cc1nc(Nc2cc(-c3cccc(NS(=O)(=O)c4ccccc4)c3)n[nH]2)cc(N2CCN(C)CC2)n1
O=C(Nc1cc(-c2cccc(NS(=O)(=O)c3ccccc3)c2)n[nH]1)c1ccc(OCCN2CCCC2)cc1
CN1CCN(c2ccc(C(=O)Nc3cc(-c4cccc(NS(=O)(=O)c5cccc(Cl)c5)c4)n[nH]3)cc2)CC1
COc1ccc(S(=O)(=O)Nc2cccc(-c3cc(NC(=O)c4ccc(N5CCN(C)CC5)cc4)[nH]n3)c2)cc1
Cc1ccc(F)c(NC(=O)Nc2ccc(-c3cccc4[nH]nc(N)c34)cc2)c1
CN1CCN(c2ccc(C(=O)Nc3cc(-c4cccc(NS(=O)(=O)c5ccccc5)c4)n[nH]3)cc2)CC1
CNC(=O)c1cc(Oc2ccc(NC(=O)Nc3ccc(Cl)c(C(F)(F)F)c3)cc2)ccn1
CN1CCN(c2ccc(C(=O)Nc3cc(-c4cccc(NS(=O)(=O)c5ccc(Cl)cc5)c4)n[nH]3)cc2)CC1
Cc1cccc(S(=O)(=O)Nc2cccc(-c3cc(NC(=O)c4ccc(N5CCN(C)CC5)cc4)[nH]n3)c2)c1
CCCS(=O)(=O)Nc1cccc(-c2cc(NC(=O)c3ccc(N4CCN(C)CC4)cc3)[nH]n2)c1

Constraints:
1) Lipinski Rule of Five MUST ALL be satisfied:
 - MolWt <= 500
 - NumHDonors <= 5
 - NumHAcceptors <= 10
 - MolLogP <= 5
2) Additional constraints:
 - TPSA <= 110.43
 - AromaticRings <= 4.0
 - HeteroAtoms <= 11.0

Output format:
Print each satisfying SMILES on its own line, and nothing else.","Cc1ccc(F)c(NC(=O)Nc2ccc(-c3cccc4[nH]nc(N)c34)cc2)c1
CCCS(=O)(=O)Nc1cccc(-c2cc(NC(=O)c3ccc(N4CCN(C)CC4)cc3)[nH]n2)c1",,,,,,,,,,,,,,,,,,
"You are a cheminformatics assistant.

Task:
From the following SMILES list, output ALL molecules that satisfy ALL constraints below.
You must ONLY choose from the given SMILES and output them EXACTLY as provided (original strings).
If none satisfy, output an empty line.

SMILES:
COc1ccccc1OCCNC[C@@H](O)c1ccc(O)c(O)c1
COc1cc(CCNCCc2ccc(O)c(O)c2)ccc1OCCCc1ccccc1
COc1cc(CCNC[C@@H](O)c2ccc(O)c3[nH]c(=O)ccc23)ccc1OCCCc1ccccc1
COc1ccccc1OCCNC[C@H](O)c1ccc(O)c(O)c1
COc1cc(CCNC[C@@H](O)c2ccc(O)c(O)c2)ccc1OCCCc1ccccc1
COc1ccccc1OCCNCCc1ccc(O)c(O)c1
COc1cc(CCNC[C@H](O)c2ccc(O)c(O)c2)ccc1OCCCc1ccccc1
COc1cc(CCNC[C@@H](O)c2ccc(O)c3c2OCC(=O)N3)ccc1OCCCc1ccccc1
COc1cc(CCNC[C@H](O)c2ccc(O)c3c2OCC(=O)N3)ccc1OCCCc1ccccc1
CC(C)NCC(O)c1ccc(O)c(O)c1

Constraints:
1) Lipinski Rule of Five MUST ALL be satisfied:
 - MolWt <= 500
 - NumHDonors <= 5
 - NumHAcceptors <= 10
 - MolLogP <= 5
2) Additional constraints:
 - RingCount <= 2.0
 - TPSA >= 91.18

Output format:
Print each satisfying SMILES on its own line, and nothing else.","COc1ccccc1OCCNC[C@@H](O)c1ccc(O)c(O)c1
COc1ccccc1OCCNC[C@H](O)c1ccc(O)c(O)c1",,,,,,,,,,,,,,,,,,
"You are a cheminformatics assistant.

Task:
From the following SMILES list, output ALL molecules that satisfy ALL constraints below.
You must ONLY choose from the given SMILES and output them EXACTLY as provided (original strings).
If none satisfy, output an empty line.

SMILES:
CNc1ncnc2c1ncn2/C=C/c1cc(NC(=O)c2cccc(C(F)(F)F)c2)ccc1C
Cc1ccc(C(=O)Nc2ccc(Cl)c(C(F)(F)F)c2)cc1/C=C/n1cnc2c(NC3CC3)ncnc21
Cc1ccc(C(=O)Nc2cc(C(F)(F)F)ccc2F)cc1/C=C/n1cnc2c(NC3CC3)ncnc21
Cc1ccc(C(=O)Nc2cc(N3CCOCC3)cc(C(F)(F)F)c2)cc1/C=C/n1cnc2c(NC3CC3)ncnc21
Cc1ccc(C(=O)Nc2cc(C(C)(C)C)nn2C)cc1/C=C/n1cnc2c(NC3CC3)ncnc21
Cc1ccc(C(=O)Nc2cccc(C(F)(F)F)c2)cc1/C=C/n1cnc2c(NC3CC3)ncnc21
Cc1ccc(NC(=O)c2cccc(C(F)(F)F)c2)cc1/C=C/n1cnc2c(Nc3ccc(P(C)(C)=O)cc3)ncnc21
Cc1ccc(C(=O)Nc2cccc(C(C)C)c2)cc1/C=C/n1cnc2c(NC3CC3)ncnc21
Cc1ccc(C(=O)Nc2cc(N3CCN(C)CC3)cc(C(F)(F)F)c2)cc1/C=C/n1cnc2c(NC3CC3)ncnc21
Cc1ccc(C(=O)Nc2cc(C(C)(C)C)on2)cc1/C=C/n1cnc2c(NC3CC3)ncnc21

Constraints:
1) Lipinski Rule of Five MUST ALL be satisfied:
 - MolWt <= 500
 - NumHDonors <= 5
 - NumHAcceptors <= 10
 - MolLogP <= 5
2) Additional constraints:
 - HeavyAtoms <= 35.5
 - AromaticRings <= 4.0

Output format:
Print each satisfying SMILES on its own line, and nothing else.","Cc1ccc(C(=O)Nc2cc(C(C)(C)C)nn2C)cc1/C=C/n1cnc2c(NC3CC3)ncnc21
Cc1ccc(C(=O)Nc2cc(C(C)(C)C)on2)cc1/C=C/n1cnc2c(NC3CC3)ncnc21",,,,,,,,,,,,,,,,,,
"You are a cheminformatics assistant.

Task:
From the following SMILES list, output ALL molecules that satisfy ALL constraints below.
You must ONLY choose from the given SMILES and output them EXACTLY as provided (original strings).
If none satisfy, output an empty line.

SMILES:
CCCC(C)N(CC(=O)NO)C(=O)CN(CCCc1ccccc1)C(=O)Nc1ccc(Oc2ccccc2)cc1
O=C(CN(Cc1ccccc1)C(=O)CN(CCCc1ccccc1)C(=O)Nc1ccc(Oc2ccccc2)cc1)NO
O=C(CN(CCCc1ccccc1)C(=O)CN(CCCc1ccccc1)C(=O)Nc1ccc(Oc2ccccc2)cc1)NO
O=C(CN(C(=O)CN(C(=O)Nc1ccc(Oc2ccccc2)cc1)C(c1ccccc1)c1ccccc1)C(c1ccccc1)c1ccccc1)NO
O=C(CN(C(=O)CN(C(=O)Nc1ccc(Oc2ccccc2)cc1)C1CCCc2ccccc21)C1CCCc2ccccc21)NO
O=C(CN(CCCCc1ccccc1)C(=O)CN(CCCCc1ccccc1)C(=O)Nc1ccc(Oc2ccccc2)cc1)NO
O=C(CN(CCc1ccc(F)cc1)C(=O)CN(CCCc1ccccc1)C(=O)Nc1ccc(Oc2ccccc2)cc1)NO
CCC(C)N(CC(=O)N(CC(=O)NO)C(C)C)C(=O)Nc1ccc(Oc2ccccc2)cc1
CCCCN(CC(=O)N(CC(=O)NO)C(C)CC)C(=O)Nc1ccc(Oc2ccccc2)cc1
CCCCCN(CC(=O)NO)C(=O)CN(CCCc1ccccc1)C(=O)Nc1ccc(Oc2ccccc2)cc1

Constraints:
1) Lipinski Rule of Five MUST ALL be satisfied:
 - MolWt <= 500
 - NumHDonors <= 5
 - NumHAcceptors <= 10
 - MolLogP <= 5
2) Additional constraints:
 - FractionCSP3 >= 0.32
 - AromaticRings <= 3.6

Output format:
Print each satisfying SMILES on its own line, and nothing else.","CCC(C)N(CC(=O)N(CC(=O)NO)C(C)C)C(=O)Nc1ccc(Oc2ccccc2)cc1
CCCCN(CC(=O)N(CC(=O)NO)C(C)CC)C(=O)Nc1ccc(Oc2ccccc2)cc1",,,,,,,,,,,,,,,,,,
"You are a cheminformatics assistant.

Task:
From the following SMILES list, output ALL molecules that satisfy ALL constraints below.
You must ONLY choose from the given SMILES and output them EXACTLY as provided (original strings).
If none satisfy, output an empty line.

SMILES:
COC(=O)[C@H]1[C@@H](c2ccc(Cl)c(C)c2)C[C@H]2CC[C@H]1N2C.Cl
COC(=O)[C@H]1[C@@H](c2cc(I)c(OC)c(I)c2)C[C@H]2CC[C@H]1N2C.Cl
COc1ccc([C@H]2C[C@H]3CC[C@H]([C@H]2C(=O)OC2CCC2)N3C)cc1.Cl
COc1ccc([C@H]2C[C@H]3CC[C@H]([C@H]2C(=O)OC2CC2)N3C)cc1.Cl
COC(=O)[C@H]1[C@@H](c2ccc(OC)c(F)c2)C[C@H]2CC[C@H]1N2C.Cl
COc1ccc([C@H]2C[C@H]3CC[C@H]([C@H]2c2cc(-c4ccc(C)cc4)no2)N3C)cc1.Cl
COc1ccc([C@H]2C[C@H]3CC[C@H]([C@H]2C(=O)OCCc2ccc([N+](=O)[O-])cc2)N3C)cc1.Cl
COC(=O)[C@H]1[C@@H](c2ccc(OC)cc2)C[C@H]2CC[C@H]1N2C.Cl
COc1ccc([C@H]2C[C@H]3CC[C@H]([C@H]2C(=O)OCCc2ccc(N)cc2)N3C)cc1.Cl
COC(=O)[C@H]1[C@@H](OC(=O)c2ccccc2)C[C@@H]2CC[C@H]1N2C.Cl

Constraints:
1) Lipinski Rule of Five MUST ALL be satisfied:
 - MolWt <= 500
 - NumHDonors <= 5
 - NumHAcceptors <= 10
 - MolLogP <= 5
2) Additional constraints:
 - TPSA <= 38.77
 - RingCount >= 4.0

Output format:
Print each satisfying SMILES on its own line, and nothing else.","COc1ccc([C@H]2C[C@H]3CC[C@H]([C@H]2C(=O)OC2CCC2)N3C)cc1.Cl
COc1ccc([C@H]2C[C@H]3CC[C@H]([C@H]2C(=O)OC2CC2)N3C)cc1.Cl",,,,,,,,,,,,,,,,,,
"You are a cheminformatics assistant.

Task:
From the following SMILES list, output ALL molecules that satisfy ALL constraints below.
You must ONLY choose from the given SMILES and output them EXACTLY as provided (original strings).
If none satisfy, output an empty line.

SMILES:
O=C(CNC(=O)C1CCCCC1C(=O)O)NO
CCN(CC(=O)NO)C(=O)C1CCCCC1C(=O)O
CCN(CC(=O)O)C(=O)C1CCCCC1C(=O)O
CN(CC(=O)NO)C(=O)C1CCCCC1C(=O)O
O=C(O)C1CCCCC1C(=O)CCS
CN(CC(=O)NO)C(=O)C1CCCC1C(=O)O
O=C(O)C1CCCCC1C(=O)NCCS
CC(C)N(CC(=O)NO)C(=O)C1CCCCC1C(=O)O
O=C(O)C1CCCC1C(=O)NCCS
C[C@H](CC(=O)N1CCCC1C(=O)O)C(=O)O

Constraints:
1) Lipinski Rule of Five MUST ALL be satisfied:
 - MolWt <= 500
 - NumHDonors <= 5
 - NumHAcceptors <= 10
 - MolLogP <= 5
2) Additional constraints:
 - HeavyAtoms <= 18
 - TPSA <= 106

Output format:
Print each satisfying SMILES on its own line, and nothing else.","CCN(CC(=O)O)C(=O)C1CCCCC1C(=O)O
O=C(O)C1CCCCC1C(=O)CCS
O=C(O)C1CCCCC1C(=O)NCCS
O=C(O)C1CCCC1C(=O)NCCS
C[C@H](CC(=O)N1CCCC1C(=O)O)C(=O)O",,,,,,,,,,,,,,,,,,
"You are a cheminformatics assistant.

Task:
From the following SMILES list, output ALL molecules that satisfy ALL constraints below.
You must ONLY choose from the given SMILES and output them EXACTLY as provided (original strings).
If none satisfy, output an empty line.

SMILES:
COc1cc(CN2CCC(C(=O)N(Cc3cc(Cl)c4c(c3)OCCCO4)CC(C)C)C2)ccc1F
CC(C)CN(Cc1cc(Cl)c2c(c1)OCCCO2)C(=O)[C@@H]1CCN(Cc2ccnc3[nH]ccc23)C1
COc1ccccc1CN1CC[C@@H](C(=O)N(Cc2cc(Cl)c3c(c2)OCCCO3)CC(C)C)C1
CC(C)CN(Cc1cc(Cl)c2c(c1)OCCCO2)C(=O)C(C)CNCc1c(F)cc(F)cc1F
CCC(CNCc1ccccc1OC)C(=O)N(Cc1cc(Cl)c2c(c1)OCCCO2)CC(C)C
Cc1ccc(C)c(CN2CCCC(C(=O)N(Cc3cc(Cl)c4c(c3)CCCCO4)CC(C)C)C2)c1
CC(C)CN(Cc1cc(Cl)c2c(c1)OCCCO2)C(=O)C1CCN(Cc2cccc3c2OCC3)C1
CC(C)CN(Cc1cc(Cl)c2c(c1)OCCCO2)C(=O)C(C)CNCc1cccc(C(C)C)c1
CC(C)CN(Cc1cc(Cl)c2c(c1)OCCCO2)C(=O)C(C)CNCc1ccc(F)c(N)c1
CCc1cccc(CN2CCC(C(=O)N(Cc3cc(Cl)c4c(c3)OCCCO4)CC(C)C)C2)c1

Constraints:
1) Lipinski Rule of Five MUST ALL be satisfied:
 - MolWt <= 500
 - NumHDonors <= 5
 - NumHAcceptors <= 10
 - MolLogP <= 5
2) Additional constraints:
 - TPSA >= 53.88
 - HeavyAtoms >= 35.0

Output format:
Print each satisfying SMILES on its own line, and nothing else.",CC(C)CN(Cc1cc(Cl)c2c(c1)OCCCO2)C(=O)[C@@H]1CCN(Cc2ccnc3[nH]ccc23)C1,,,,,,,,,,,,,,,,,,
"You are a cheminformatics assistant.

Task:
From the following SMILES list, output ALL molecules that satisfy ALL constraints below.
You must ONLY choose from the given SMILES and output them EXACTLY as provided (original strings).
If none satisfy, output an empty line.

SMILES:
C[C@H](N)Cc1c[nH]c2ccc(O)cc12
C[C@H](N)Cc1c[nH]c2ccccc12
C[C@@H](N)Cc1c[nH]c2ccc(O)cc12
COc1ccc2c(C[C@@H](C)N)c[nH]c2c1
COc1ccc2c(C[C@H](C)N)c[nH]c2c1
COc1ccc2[nH]cc(C[C@@H](C)N)c2c1
COc1ccc2[nH]cc(CCN)c2c1
COc1ccc2[nH]cc(C[C@H](C)N)c2c1
COc1cccc2[nH]cc(C[C@H](C)N)c12
COc1cccc2[nH]cc(C[C@@H](C)N)c12

Constraints:
1) Lipinski Rule of Five MUST ALL be satisfied:
 - MolWt <= 500
 - NumHDonors <= 5
 - NumHAcceptors <= 10
 - MolLogP <= 5
2) Additional constraints:
 - TPSA <= 51.04
 - FractionCSP3 <= 0.31
 - HeteroAtoms >= 3.0

Output format:
Print each satisfying SMILES on its own line, and nothing else.",COc1ccc2[nH]cc(CCN)c2c1,,,,,,,,,,,,,,,,,,
"You are a cheminformatics assistant.

Task:
From the following SMILES list, output ALL molecules that satisfy ALL constraints below.
You must ONLY choose from the given SMILES and output them EXACTLY as provided (original strings).
If none satisfy, output an empty line.

SMILES:
NS(=O)(=O)c1ccc(-c2nnc(SCC(=O)Nc3cccc(Cl)c3)o2)cc1
NS(=O)(=O)c1ccc(-c2nnc(SCC(=O)c3ccccc3)o2)cc1
NS(=O)(=O)c1ccc(-c2nnc(SCC(=O)c3cccc(Cl)c3)o2)cc1
NS(=O)(=O)c1ccc(-c2nnc(SCC(=O)Nc3ccccc3)o2)cc1
COc1ccc(NC(=O)CSc2nnc(-c3ccc(S(N)(=O)=O)cc3)o2)cc1
NS(=O)(=O)c1ccc(-c2nnc(SCC(=O)Nc3ccc(Br)cc3)o2)cc1
CC(=O)Nc1nnc(S(N)(=O)=O)s1
Cc1ccc(C(=O)CSc2nnc(-c3ccc(S(N)(=O)=O)cc3)o2)cc1
NS(=O)(=O)c1ccc(-c2nnc(SCC(=O)c3ccc(F)cc3)o2)cc1
NS(=O)(=O)c1ccc(-c2nnc(SCC(=O)Nc3ccc([N+](=O)[O-])cc3)o2)cc1

Constraints:
1) Lipinski Rule of Five MUST ALL be satisfied:
 - MolWt <= 500
 - NumHDonors <= 5
 - NumHAcceptors <= 10
 - MolLogP <= 5
2) Additional constraints:
 - TPSA <= 116.15
 - HeavyAtoms >= 26.0
 - HeteroAtoms <= 9.7

Output format:
Print each satisfying SMILES on its own line, and nothing else.",Cc1ccc(C(=O)CSc2nnc(-c3ccc(S(N)(=O)=O)cc3)o2)cc1,,,,,,,,,,,,,,,,,,
"You are a cheminformatics assistant.

Task:
From the following SMILES list, output ALL molecules that satisfy ALL constraints below.
You must ONLY choose from the given SMILES and output them EXACTLY as provided (original strings).
If none satisfy, output an empty line.

SMILES:
CCCOc1cc(OCCCCCCO)cc(Oc2cc3c(cc2NS(=O)(=O)c2cn(C)cn2)n(C)c(=O)n3C)c1
Cc1nc(S(=O)(=O)Nc2cc3c(cc2Oc2cccc(OCC(C)C)c2)n(C)c(=O)n3C)cn1C
CCCOc1cc(OCCCCCCN)cc(Oc2cc3c(cc2NS(=O)(=O)c2cn(C)cn2)n(C)c(=O)n3C)c1
CCCOc1cc(OCCCCN)cc(Oc2cc3c(cc2NS(=O)(=O)c2cn(C)cn2)n(C)c(=O)n3C)c1
CCCOc1cc(OCCCCN)cc(Oc2cc3c(cc2NS(=O)(=O)c2ccc(OC)c(OC)c2)n(C)c(=O)n3C)c1
CCCOc1cc(OCCCCCN)cc(Oc2cc3c(cc2NS(=O)(=O)c2cn(C)cn2)n(C)c(=O)n3C)c1
CC(C)COc1cccc(Oc2cc3c(cc2NS(=O)(=O)C2CC2)n(C)c(=O)n3C)c1
CCCOc1cc(OCCCCN(C)C)cc(Oc2cc3c(cc2NS(=O)(=O)c2ccc(OC)c(OC)c2)n(C)c(=O)n3C)c1
Cc1nc(S(=O)(=O)Nc2cc3c(cc2Oc2cccc(OCc4ccccc4)c2)n(C)c(=O)n3C)cn1C
COc1ccc(S(=O)(=O)Nc2cc3c(cc2Oc2cccc(OCc4ccccc4)c2)n(C)c(=O)n3C)cc1OC

Constraints:
1) Lipinski Rule of Five MUST ALL be satisfied:
 - MolWt <= 500
 - NumHDonors <= 5
 - NumHAcceptors <= 10
 - MolLogP <= 5
2) Additional constraints:
 - AromaticRings <= 4.0
 - RingCount >= 4.0

Output format:
Print each satisfying SMILES on its own line, and nothing else.","Cc1nc(S(=O)(=O)Nc2cc3c(cc2Oc2cccc(OCC(C)C)c2)n(C)c(=O)n3C)cn1C
CC(C)COc1cccc(Oc2cc3c(cc2NS(=O)(=O)C2CC2)n(C)c(=O)n3C)c1",,,,,,,,,,,,,,,,,,
"You are a cheminformatics assistant.

Task:
From the following SMILES list, output ALL molecules that satisfy ALL constraints below.
You must ONLY choose from the given SMILES and output them EXACTLY as provided (original strings).
If none satisfy, output an empty line.

SMILES:
COc1ccc(Cn2c3ccc(Cl)cc3c3ccc(C(C)C(=O)O)cc32)cc1
CC(C(=O)O)c1ccc2c3cc(Cl)ccc3n(C(=O)c3ccc(Cl)cc3)c2c1
CC(C(=O)O)c1ccc2c3cc(Cl)ccc3n(Cc3ccc(C#N)cc3)c2c1
CC(C(=O)O)c1ccc2c3cc(Cl)ccc3n(Cc3ccc(Cl)cc3)c2c1
CC(C(=O)O)c1ccc2c3cc(Cl)ccc3n(C(=O)c3ccccc3)c2c1
C[C@H](C(=O)O)c1ccc2c(c1)[nH]c1ccc(Cl)cc12
CC(C(=O)O)c1ccc2c(c1)[nH]c1ccccc12
CC(C(=O)O)c1ccc2c3cc(Cl)ccc3n(C(=O)c3ccccc3Cl)c2c1
COC(=O)C(C)c1ccc2c(c1)[nH]c1ccc(Cl)cc12
CC(C(=O)O)c1ccc2c3cc(Cl)ccc3n(C(=O)c3ccc(F)cc3)c2c1

Constraints:
1) Lipinski Rule of Five MUST ALL be satisfied:
 - MolWt <= 500
 - NumHDonors <= 5
 - NumHAcceptors <= 10
 - MolLogP <= 5
2) Additional constraints:
 - RingCount <= 4.0
 - FractionCSP3 >= 0.13

Output format:
Print each satisfying SMILES on its own line, and nothing else.","C[C@H](C(=O)O)c1ccc2c(c1)[nH]c1ccc(Cl)cc12
CC(C(=O)O)c1ccc2c(c1)[nH]c1ccccc12
COC(=O)C(C)c1ccc2c(c1)[nH]c1ccc(Cl)cc12",,,,,,,,,,,,,,,,,,
"You are a cheminformatics assistant.

Task:
Find the molecule sharing the MOST structural fragments with the FIRST molecule.
Fragments are defined by Morgan fingerprint (radius=2).

SMILES:
C=CCCCCC(NC(=O)c1cccc(O)c1OCCC=C)C(O)CN(CC(C)C)S(=O)(=O)c1ccc(OC)cc1
CC(C)CN(C[C@@H](O)[C@H](Cc1ccccc1)NC(=O)O[C@H]1CO[C@H]2OCC[C@H]21)S(=O)(=O)c1ccc(N)cc1
CC(C)CN(CC(O)C1CCCCCCCCOc2c(O)cccc2C(=O)N1)S(=O)(=O)c1ccc2c(c1)OCO2
COc1ccc(S(=O)(=O)N(CC(C)C)CC(O)C2CCCCCCCCCOc3c(O)cccc3C(=O)N2)cc1
COc1ccc(S(=O)(=O)N(CC(C)C)CC(O)C2CCCCCCCOc3c(O)cccc3C(=O)N2)cc1
C=CCCCCC(NC(=O)c1cccc(O)c1OCCCC=C)C(O)CN(CC(C)C)S(=O)(=O)c1ccc(OC)cc1
COc1ccc(S(=O)(=O)N(CC(C)C)CC(O)C2CCCCCCCCOc3c(O)cccc3C(=O)N2)cc1
COc1ccc(S(=O)(=O)N(CC(C)C)CC(O)C2CCCC/C=C\COc3c(O)cccc3C(=O)N2)cc1
C=CCCCCC(NC(=O)c1cccc(O)c1OCC=C)C(O)CN(CC(C)C)S(=O)(=O)c1ccc(OC)cc1
CCCCCCCC(NC(=O)c1cccc(O)c1O)C(O)CN(CC(C)C)S(=O)(=O)c1ccc(OC)cc1

Output format:
Print ONLY the selected SMILES and nothing else.",C=CCCCCC(NC(=O)c1cccc(O)c1OCCCC=C)C(O)CN(CC(C)C)S(=O)(=O)c1ccc(OC)cc1,,,,,,,,,,,,,,,,,,
"You are a cheminformatics assistant.

Task:
Find the molecule MOST similar to the FIRST molecule.
Similarity is defined as Morgan fingerprint (radius=2, 2048 bits) Tanimoto similarity.

SMILES:
CC(=O)N[C@H]1[C@H]([C@H](O)[C@H](O)CO)OC(SCCOCCOCCOCCOCCOCCSC2(C(=O)O)C[C@H](NC(N)=O)[C@@H](NC(C)=O)[C@H]([C@H](O)[C@H](O)CO)O2)(C(=O)O)C[C@@H]1NC(=N)N
CC(=O)N[C@H]1[C@H]([C@H](O)[C@H](O)CO)OC(SCCCCCCCCCCCCSC2(C(=O)O)C[C@H](NC(=N)N)[C@@H](NC(C)=O)[C@H]([C@H](O)[C@H](O)CO)O2)(C(=O)O)C[C@@H]1NC(=N)N
CC(=O)N[C@H]1[C@H]([C@H](O)[C@H](O)CO)OC(SCCCCCCCCCCCCSC2(C(=O)O)C[C@H](N)[C@@H](NC(C)=O)[C@H]([C@H](O)[C@H](O)CO)O2)(C(=O)O)C[C@@H]1N
CC(=O)N[C@H]1[C@H]([C@H](O)[C@H](O)CO)OC(SCCOCCOCCOCCOCCSC2(C(=O)O)C[C@H](N)[C@@H](NC(C)=O)[C@H]([C@H](O)[C@H](O)CO)O2)(C(=O)O)C[C@@H]1N
CC(=O)N[C@H]1[C@H]([C@H](O)[C@H](O)CO)OC(SCCCCCCSC2(C(=O)O)C[C@H](NC(=N)N)[C@@H](NC(C)=O)[C@H]([C@H](O)[C@H](O)CO)O2)(C(=O)O)C[C@@H]1NC(=N)N
CC(=O)N[C@H]1[C@H]([C@H](O)[C@H](O)CO)OC(SCCOCCOCCOCCSC2(C(=O)O)C[C@H](NC(=N)N)[C@@H](NC(C)=O)[C@H]([C@H](O)[C@H](O)CO)O2)(C(=O)O)C[C@@H]1NC(=N)N
CCOC(=O)C1=C[C@@H](OC(CC)CC)[C@H](NC(C)=O)[C@@H](N)C1
CC(=O)N[C@H]1[C@H]([C@H](O)[C@H](O)CO)OC(SCCCCCCSC2(C(=O)O)C[C@H](N)[C@@H](NC(C)=O)[C@H]([C@H](O)[C@H](O)CO)O2)(C(=O)O)C[C@@H]1N
CC(=O)N[C@H]1[C@H]([C@H](O)[C@H](O)CO)OC(C(=O)O)=C[C@@H]1NC(=N)N
CC(=O)N[C@H]1[C@H]([C@H](O)[C@H](O)CO)OC(SCCOCCOCCOCCSC2(C(=O)O)C[C@H](N)[C@@H](NC(C)=O)[C@H]([C@H](O)[C@H](O)CO)O2)(C(=O)O)C[C@@H]1N

Output format:
Print ONLY the selected SMILES and nothing else.",CC(=O)N[C@H]1[C@H]([C@H](O)[C@H](O)CO)OC(SCCOCCOCCOCCSC2(C(=O)O)C[C@H](NC(=N)N)[C@@H](NC(C)=O)[C@H]([C@H](O)[C@H](O)CO)O2)(C(=O)O)C[C@@H]1NC(=N)N,,,,,,,,,,,,,,,,,,
"You are a cheminformatics assistant.

Task:
Find the molecule MOST similar to the FIRST molecule.
Similarity is defined as Morgan fingerprint (radius=2, 2048 bits) Tanimoto similarity.

SMILES:
C[C@@H]1NC(=O)[C@H](CN)NC(=O)[C@H](Cc2c[nH]c3ccccc23)NC(=O)[C@H](CCCNC(=N)N)NC(=O)[C@@H](Cc2ccccc2)NC(=O)[C@@H]2CCCN2C(=O)[C@H]2CCCN2C(=O)[C@H](Cc2ccccc2)NC1=O
C[C@@H]1NC(=O)[C@H](CC(N)=O)NC(=O)[C@H](Cc2c[nH]c3ccccc23)NC(=O)[C@H](CCCNC(=N)N)NC(=O)[C@@H](Cc2ccccc2)NC(=O)[C@@H]2CCCN2C(=O)[C@H]2CCCN2C1=O
N=C(N)NCCC[C@@H]1NC(=O)[C@@H](Cc2ccccc2)NC(=O)[C@@H]2CCCN2C(=O)[C@H]2CCCN2C(=O)[C@H](CN)NC(=O)[C@H](Cc2c[nH]c3ccccc23)NC1=O
N=C(N)NCCC[C@@H]1NC(=O)[C@@H](Cc2ccccc2)NC(=O)[C@@H]2CCCN2C(=O)[C@H]2CCCN2C(=O)[C@H](Cc2c[nH]c3ccccc23)NC1=O
N=C(N)NCCC[C@@H]1NC(=O)[C@@H](Cc2ccccc2)NC(=O)[C@@H]2CCCN2C(=O)[C@H]2CCCN2C(=O)[C@H](CC(N)=O)NC(=O)[C@H](Cc2c[nH]c3ccccc23)NC1=O
N=C(N)NCCC[C@@H]1NC(=O)[C@@H](Cc2ccccc2)NC(=O)[C@H](Cc2cnc[nH]2)NC(=O)[C@@H]2CCCN2C(=O)[C@H]2CCCN2C(=O)[C@H](CC(N)=O)NC(=O)[C@H](Cc2c[nH]c3ccccc23)NC1=O
C[C@@H]1NC(=O)[C@H](CN)NC(=O)[C@H](Cc2c[nH]c3ccccc23)NC(=O)[C@H](CCCNC(=N)N)NC(=O)[C@@H](Cc2ccccc2)NC(=O)[C@@H]2CCCN2C(=O)[C@H]2CCCN2C1=O
N=C(N)NCCC[C@@H]1NC(=O)[C@@H](Cc2ccccc2)NC(=O)[C@H](Cc2cnc[nH]2)NC(=O)[C@@H]2CCCN2C(=O)[C@H]2CCCN2C(=O)[C@H](CN)NC(=O)[C@H](Cc2c[nH]c3ccccc23)NC1=O
C[C@@H]1NC(=O)[C@H](CN)NC(=O)[C@H](Cc2c[nH]c3ccccc23)NC(=O)[C@H](CCCNC(=N)N)NC(=O)[C@@H](Cc2ccccc2)NC(=O)[C@H](Cc2cnc[nH]2)NC(=O)[C@@H]2CCCN2C(=O)[C@H]2CCCN2C1=O
N=C(N)NCCC[C@@H]1NC(=O)[C@@H](Cc2ccccc2)NC(=O)[C@H](Cc2cnc[nH]2)NC(=O)[C@@H]2CCCN2C(=O)[C@H]2CCCN2C(=O)[C@H](Cc2c[nH]c3ccccc23)NC1=O

Output format:
Print ONLY the selected SMILES and nothing else.",C[C@@H]1NC(=O)[C@H](CN)NC(=O)[C@H](Cc2c[nH]c3ccccc23)NC(=O)[C@H](CCCNC(=N)N)NC(=O)[C@@H](Cc2ccccc2)NC(=O)[C@@H]2CCCN2C(=O)[C@H]2CCCN2C1=O,,,,,,,,,,,,,,,,,,
"You are a cheminformatics assistant.

Task:
Find the molecule MOST similar to the FIRST molecule.
Similarity is defined as Morgan fingerprint (radius=2, 2048 bits) Tanimoto similarity.

SMILES:
CCNC(=O)C(N)Cc1cccc(-c2cc3nc(NC)c4ncc(C)n4c3s2)c1
CNc1nc2cc(-c3cccc(CNCC(N)=O)c3)sc2n2c(C)cnc12
Cc1cnc2c(NCCNC=O)nc3cc(-c4ccccc4)sc3n12
CNc1nc2cc(-c3cccc(CCNC(C)=O)c3)sc2n2c(C)cnc12
CNc1nc2cc(-c3cccc(CCNS(N)(=O)=O)c3)sc2n2c(C)cnc12
CNc1nc2cc(-c3cccc(CC(N)C(=O)O)c3)sc2n2c(C)cnc12
Cc1cnc2c(NCCN)nc3cc(C4=NCN=C4)sc3n12
Cc1cnc2c(NCCN)nc3cc(-c4cccc(CCO)c4)sc3n12
CNc1nc2ccsc2n2c(C)cnc12
Cc1cnc2c(NCCO)nc3cc(-c4ccccc4)sc3n12

Output format:
Print ONLY the selected SMILES and nothing else.",CNc1nc2cc(-c3cccc(CC(N)C(=O)O)c3)sc2n2c(C)cnc12,,,,,,,,,,,,,,,,,,
"You are a cheminformatics assistant.

Task:
Find the molecule sharing the MOST structural fragments with the FIRST molecule.
Fragments are defined by Morgan fingerprint (radius=2).

SMILES:
Cc1ccc(OCC(=O)O)c(-c2ccccc2)c1
COc1ccc(-c2cc(C(F)(F)F)ccc2OCC(=O)O)cc1
O=C(O)COc1ccc(C(F)(F)F)cc1-c1ccc(Cl)cc1
O=C(O)COc1ccc(-c2nccs2)cc1-c1ccccc1
N#Cc1ccc(-c2cc(C(F)(F)F)ccc2OCC(=O)O)cc1
CCN(CC)S(=O)(=O)c1ccc(-c2cc(C(F)(F)F)ccc2OCC(=O)O)cc1
CN(c1ccc(-c2cc(F)ccc2OCC(=O)O)c(Cl)c1)S(C)(=O)=O
CCS(=O)(=O)c1ccc(-c2cc(C(F)(F)F)ccc2OCC(=O)O)c(C)c1
CCS(=O)(=O)c1ccc(-c2cc(Cl)ccc2OCC(=O)O)cc1
CCS(=O)(=O)c1ccc(-c2cc(C(F)(F)F)ccc2OCC(=O)O)c(Cl)c1

Output format:
Print ONLY the selected SMILES and nothing else.",O=C(O)COc1ccc(-c2nccs2)cc1-c1ccccc1,,,,,,,,,,,,,,,,,,
"You are a cheminformatics assistant.

Task:
Find the molecule sharing the MOST structural fragments with the FIRST molecule.
Fragments are defined by Morgan fingerprint (radius=2).

SMILES:
Cc1cc(C)cc(-c2ccc(C(C)C(=O)O)cc2F)c1
CC(C(=O)O)c1ccc(-c2ccccc2)c(F)c1
Cc1cc2cc(-c3ccc(C(C)C(=O)O)cc3)ccc2[nH]1
CCOc1cc(OCC)cc(-c2ccc(C(C)C(=O)O)cc2)c1
CC(C(=O)O)c1ccc(-c2ccc3[nH]ccc3c2)cc1
C=Cc1cncc(-c2ccc(C(C)C(=O)O)cc2)c1
C/C=C/c1cncc(-c2ccc(C(C)C(=O)O)cc2)c1
CCOc1cc(OCC)cc(-c2ccc(C(C)C(=O)O)cc2F)c1
COc1cc(OC)cc(-c2ccc(C(C)C(=O)O)cc2F)c1
CCOc1cccc(-c2ccc(C(C)C(=O)O)cc2F)c1

Output format:
Print ONLY the selected SMILES and nothing else.","CCOc1cc(OCC)cc(-c2ccc(C(C)C(=O)O)cc2F)c1
COc1cc(OC)cc(-c2ccc(C(C)C(=O)O)cc2F)c1",,,,,,,,,,,,,,,,,,
"You are a cheminformatics assistant.

Task:
Find the molecule sharing the MOST structural fragments with the FIRST molecule.
Fragments are defined by Morgan fingerprint (radius=2).

SMILES:
COc1cc2ncnc(Nc3cccc(Cl)c3F)c2cc1C(=O)N1CCOCC1
COc1cc2ncnc(Nc3cccc(Cl)c3F)c2cc1OC(=O)N1CCN(C)[C@H](C)C1
COc1cc2ncnc(Nc3cccc(Cl)c3F)c2cc1OC(=O)N1CCN(C)[C@@H](C)C1
COc1cc2ncnc(Nc3cccc(Cl)c3F)c2cc1OC(=O)N1CC[C@@H](N(C)C)C1
COc1cc2ncnc(Nc3cccc(Cl)c3F)c2cc1OC(=O)N1CCN(C)CC1
COc1cc2ncnc(Nc3cccc(Cl)c3F)c2cc1OC(=O)N1CCN(C)C[C@@H]1C
COc1cc2ncnc(Nc3ccc(F)c(Cl)c3)c2cc1OCCCN1CCOCC1
COc1cc2ncnc(Nc3cccc(Cl)c3F)c2cc1N1CCOCC1
COc1cc2ncnc(Nc3cccc(Cl)c3F)c2cc1OC(=O)N1C[C@@H]2C[C@H]1CN2C
COc1cc2ncnc(Nc3cccc(Cl)c3F)c2cc1OC(=O)N1CC[C@H](N(C)C)C1

Output format:
Print ONLY the selected SMILES and nothing else.",COc1cc2ncnc(Nc3cccc(Cl)c3F)c2cc1N1CCOCC1,,,,,,,,,,,,,,,,,,
"You are a cheminformatics assistant.

Task:
Find the molecule sharing the MOST structural fragments with the FIRST molecule.
Fragments are defined by Morgan fingerprint (radius=2).

SMILES:
CCOc1ccc(Br)c(CC2CCN(CCc3cc4c(cc3Cl)OCCO4)CC2)c1
COc1ccc(Br)c(CC2CCN(CCc3ccc(OC)c(Cl)c3)CC2)c1
COc1ccc(Br)c(CC2CCN(CCc3ccccc3Cl)CC2)c1
COCCOc1ccc(Br)c(CC2CCN(CCc3cc4c(cc3Cl)OCCO4)CC2)c1.Cl
COc1ccc(Br)c(CC2CCN(CCc3ccc4ccccc4c3)CC2)c1
COc1ccc(Br)c(CC2CCN(CCc3cccc4ccccc34)CC2)c1
COc1ccc(Br)c(CC2CCN(CCc3ccc(F)cc3)CC2)c1
COc1ccc(Br)c(CC2CCN(CCc3ccc(C)cc3)CC2)c1
COc1ccc(Br)c(CC2CCN(CCc3ccccc3OC)CC2)c1
COc1ccc(Br)c(CC2CCN(CCc3ccc4c(c3)OCCO4)CC2)c1

Output format:
Print ONLY the selected SMILES and nothing else.",COCCOc1ccc(Br)c(CC2CCN(CCc3cc4c(cc3Cl)OCCO4)CC2)c1.Cl,,,,,,,,,,,,,,,,,,
"You are a cheminformatics assistant.

Task:
Find the molecule MOST similar to the FIRST molecule.
Similarity is defined as Morgan fingerprint (radius=2, 2048 bits) Tanimoto similarity.

SMILES:
NC1=Nc2c(F)cccc2[C@H]2CCC[C@@H]12
NC1=Nc2ccc(Cl)cc2[C@H]2CCC[C@@]12F
NC1=Nc2c(F)cccc2[C@H]2CCC[C@@]12F
CNCc1ccc2c(c1)N=C(N)[C@]1(F)CCC[C@H]21
NC1=Nc2c(F)cc(Cl)cc2[C@H]2CCC[C@@H]12
NC1=Nc2ccccc2[C@H]2CCC[C@@]12F
NC1=Nc2cc(CCCNCc3cccc(Cl)c3)ccc2[C@H]2CCC[C@@]12F
NC1=Nc2cc(CCCNCc3cccc(Cl)c3)ccc2[C@H]2CCC[C@@H]12
NC1=Nc2ccccc2[C@H]2CCC[C@@H]12
CNCCc1ccc2c(c1)N=C(N)[C@]1(F)CCC[C@H]21

Output format:
Print ONLY the selected SMILES and nothing else.",NC1=Nc2c(F)cc(Cl)cc2[C@H]2CCC[C@@H]12,,,,,,,,,,,,,,,,,,
"You are a cheminformatics assistant.

Task:
Find the molecule MOST similar to the FIRST molecule.
Similarity is defined as Morgan fingerprint (radius=2, 2048 bits) Tanimoto similarity.

SMILES:
O=c1c(/C=N/c2cccc(Cl)c2O)coc2ccc(Br)cc12
O=c1c(/C=N/c2cc(F)ccc2O)coc2ccccc12
O=c1c(/C=N/c2ccccc2O)coc2ccccc12
Cc1ccc(O)c(/N=C/c2coc3ccccc3c2=O)c1
O=c1c(/C=N/c2cccc(Cl)c2O)coc2ccccc12
O=c1c(/C=N/c2cc(F)ccc2O)coc2ccc(Br)cc12
Cc1ccc(O)c(/N=C/c2coc3ccc(Br)cc3c2=O)c1
O=c1c(/C=N/c2ncccc2O)coc2ccccc12
Cc1ccc2occ(/C=N/c3ncccc3O)c(=O)c2c1
O=c1c(/C=N/c2ncccc2O)coc2ccc(Br)cc12

Output format:
Print ONLY the selected SMILES and nothing else.",O=c1c(/C=N/c2cccc(Cl)c2O)coc2ccccc12,,,,,,,,,,,,,,,,,,
"You are a cheminformatics assistant.

Task:
Find the molecule MOST similar to the FIRST molecule.
Similarity is defined as Morgan fingerprint (radius=2, 2048 bits) Tanimoto similarity.

SMILES:
Nc1ccccc1NC(=O)c1cccnc1
Nc1ccc(-c2cc[nH]n2)cc1NC(=O)c1ccc(N2CCC3(CCNC3)CC2)nc1
NC(=O)CN1CCC2(CCN(c3ccc(C(=O)Nc4cc(-c5cccs5)ccc4N)cn3)CC2)C1
Nc1ccccc1NC(=O)c1ccc(N2CCC3(CCNC3)CC2)nc1
CC(=O)N1CC2(CCN(c3ccc(C(=O)Nc4cc(-c5cccs5)ccc4N)cn3)CC2)C1
Cn1cc(-c2ccc(N)c(NC(=O)c3ccc(N4CCC5(CCNC5)CC4)nc3)c2)cn1
Nc1ccc(-c2ccsc2)cc1NC(=O)c1ccc(N2CCC3(CCNC3)CC2)nc1
O=C(Nc1cc(-c2ccccc2)ccc1O)c1ccccc1
Nc1ccc(-c2cccs2)cc1NC(=O)c1ccc(N2CCC3(CC2)CNC(=O)C3)nc1
CC(=O)N1CCC2(CCCN(c3ccc(C(=O)Nc4cc(-c5cccs5)ccc4N)cn3)C2)C1

Output format:
Print ONLY the selected SMILES and nothing else.",Nc1ccccc1NC(=O)c1ccc(N2CCC3(CCNC3)CC2)nc1,,,,,,,,,,,,,,,,,,
"You are a cheminformatics assistant.

Task:
Find the molecule sharing the MOST structural fragments with the FIRST molecule.
Fragments are defined by Morgan fingerprint (radius=2).

SMILES:
CNCCn1cc(-c2ccc3c(c2)Cc2c[nH]nc2-3)c(-c2ccncc2)n1
N[C@H]1CC[C@H](n2cc(-c3ccc4c(c3)Cc3c[nH]nc3-4)c(-c3ccncc3)n2)CC1
O[C@@H]1CCC[C@H](n2cc(-c3ccc4c(c3)Cc3c[nH]nc3-4)c(-c3ccncc3)n2)C1
N[C@H]1CC[C@@H](n2cc(-c3ccc4c(c3)Cc3c[nH]nc3-4)c(-c3ccncc3)n2)CC1
c1cc(-c2nn(C3CCCNCC3)cc2-c2ccc3c(c2)Cc2c[nH]nc2-3)ccn1
F[C@H]1CNCC[C@H]1n1cc(-c2ccc3c(c2)Cc2c[nH]nc2-3)c(-c2ccncc2)n1
F[C@H]1CCNC[C@H]1n1cc(-c2ccc3c(c2)Cc2c[nH]nc2-3)c(-c2ccncc2)n1
O[C@@H]1CNCC[C@H]1n1cc(-c2ccc3c(c2)Cc2c[nH]nc2-3)c(-c2ccncc2)n1
F[C@@H]1CNCC[C@H]1n1cc(-c2ccc3c(c2)Cc2c[nH]nc2-3)c(-c2ccncc2)n1
CN1CCC(n2cc(-c3ccc4c(c3)Cc3c[nH]nc3-4)c(-c3ccncc3)n2)CC1

Output format:
Print ONLY the selected SMILES and nothing else.",CN1CCC(n2cc(-c3ccc4c(c3)Cc3c[nH]nc3-4)c(-c3ccncc3)n2)CC1,,,,,,,,,,,,,,,,,,
"You are a cheminformatics assistant.

Task:
Find the molecule sharing the MOST structural fragments with the FIRST molecule.
Fragments are defined by Morgan fingerprint (radius=2).

SMILES:
CCN(C(=O)N1C[C@@H](C(=O)O)[C@@H](N)[C@@H]1CNC(C)=O)C(C)C
CCN(C(=O)N1C[C@H](N)[C@H](C(=O)O)C1)C(C)C
CC(C)N(CCc1ccccn1)C(=O)N1C[C@H](N)[C@H](C(=O)O)C1
CC(C)(C)OC(=O)N1C[C@@H](N)[C@@H](C(=O)O)C1
CC(C)N(C(=O)N1C[C@H](N)[C@H](C(=O)O)C1)C(C)C
CC(C)N(CCCN)C(=O)N1C[C@H](N)[C@H](C(=O)O)C1
CC(C)N(CCCCCO)C(=O)N1C[C@H](N)[C@H](C(=O)O)C1
CCC(CC)C(=O)N1C[C@H](N)[C@H](C(=O)O)C1
CC(C)N(CCO)C(=O)N1C[C@H](N)[C@H](C(=O)O)C1
CC(C)N(CCCO)C(=O)N1C[C@H](N)[C@H](C(=O)O)C1

Output format:
Print ONLY the selected SMILES and nothing else.",CCN(C(=O)N1C[C@H](N)[C@H](C(=O)O)C1)C(C)C,,,,,,,,,,,,,,,,,,
"You are a cheminformatics assistant.

Task:
Find the molecule MOST similar to the FIRST molecule.
Similarity is defined as Morgan fingerprint (radius=2, 2048 bits) Tanimoto similarity.

SMILES:
CC[C@@H](Nc1c(Nc2cccc(C(=O)N(C)C)c2O)c(=O)c1=O)c1ccc2c(c1)OCO2
Cc1ccc([C@H](Nc2c(Nc3cccc(C(=O)N(C)C)c3O)c(=O)c2=O)C2CC2)o1
CC[C@@H](Nc1c(Nc2cccc(C(=O)N(C)C)c2O)c(=O)c1=O)c1ccc(C)o1
Cc1ccc([C@@H](C)Nc2c(Nc3cccc(C(=O)N(C)C)c3O)c(=O)c2=O)o1
CC[C@@H](Nc1c(Nc2cccc(C(=O)N(C)C)c2O)c(=O)c1=O)c1cccc(F)c1
CC[C@@H](Nc1c(Nc2cccc(C(=O)N(C)C)c2O)c(=O)c1=O)c1ccc(C)s1
CCC(CC)Nc1c(Nc2cccc(C(=O)N(C)C)c2O)c(=O)c1=O
CC[C@@H](Nc1c(Nc2cccc(C(=O)N(C)C)c2O)c(=O)c1=O)c1ccco1
Cc1ccc([C@H](Nc2c(Nc3cccc(C(=O)N(C)C)c3O)c(=O)c2=O)C(C)C)o1
C[C@@H](Nc1c(Nc2cccc(C(=O)N(C)C)c2O)c(=O)c1=O)c1ccccc1

Output format:
Print ONLY the selected SMILES and nothing else.",CC[C@@H](Nc1c(Nc2cccc(C(=O)N(C)C)c2O)c(=O)c1=O)c1cccc(F)c1,,,,,,,,,,,,,,,,,,
"You are a cheminformatics assistant.

Task:
Find the molecule sharing the MOST structural fragments with the FIRST molecule.
Fragments are defined by Morgan fingerprint (radius=2).

SMILES:
Cc1nc2ccc(C(=O)c3cnn(C)c3O)cc2c(=O)n1-c1ccc(F)cc1
Cc1ccc(-n2c(C)nc3ccc(C(=O)c4c(C)nn(C)c4O)cc3c2=O)c(Cl)c1
Cc1ccccc1-n1c(C)nc2ccc(C(=O)c3cnn(C)c3O)cc2c1=O
Cc1ccc(-n2c(C)nc3ccc(C(=O)c4cnn(C)c4O)cc3c2=O)c(Cl)c1
COc1ccccc1-n1c(C)nc2ccc(C(=O)c3cnn(C)c3O)cc2c1=O
Cc1cc(Cl)ccc1-n1c(C)nc2ccc(C(=O)c3cnn(C)c3O)cc2c1=O
Cc1cc(Cl)ccc1-n1c(C)nc2ccc(C(=O)c3c(C)nn(C)c3O)cc2c1=O
Cc1ccc(-n2c(C)nc3ccc(C(=O)c4c(C)nn(C)c4O)cc3c2=O)c(F)c1
Cc1nc2ccc(C(=O)c3cnn(C)c3O)cc2c(=O)n1-c1ccccc1Br
Cc1cccc(-n2c(C)nc3ccc(C(=O)c4cnn(C)c4O)cc3c2=O)c1

Output format:
Print ONLY the selected SMILES and nothing else.",Cc1cccc(-n2c(C)nc3ccc(C(=O)c4cnn(C)c4O)cc3c2=O)c1,,,,,,,,,,,,,,,,,,